order_item_id,order_id,product_id,quantity,price
1,1,52,2,340.83
2,2,77,3,82.37
3,2,58,2,425.26
4,2,52,2,340.83
5,2,27,3,388.74
6,3,65,1,392.05
7,3,1,2,341.27
8,3,14,1,343.34
9,4,14,2,343.34
10,4,75,2,120.94
11,4,87,3,264.83
12,4,52,3,340.83
13,5,78,3,68.42
14,5,72,4,310.88
15,5,46,2,98.83
16,5,25,2,366.6
17,6,95,2,423.64
18,6,15,3,53.9
19,6,96,3,349.93
20,6,17,2,425.88
21,6,87,2,264.83
22,7,98,4,223.42
23,7,41,2,122.45
24,7,50,2,243.34
25,7,11,3,128.21
26,7,59,2,453.63
27,8,17,3,425.88
28,8,88,2,253.31
29,8,44,4,21.82
30,9,71,2,250.35
31,9,98,4,223.42
32,9,54,3,341.99
33,10,13,4,424.42
34,10,21,3,287.87
35,10,49,4,193.89
36,11,12,1,477.56
37,11,11,3,128.21
38,12,70,1,439.46
39,12,95,4,423.64
40,12,43,2,446.64
41,13,64,2,79.12
42,13,83,1,284.61
43,13,5,4,197.87
44,13,54,4,341.99
45,13,31,3,314.73
46,14,35,4,144.6
47,14,60,2,210.31
48,14,38,2,49.02
49,14,95,3,423.64
50,14,78,3,68.42
51,15,2,3,119.71
52,15,64,4,79.12
53,15,63,4,163.78
54,15,84,4,153.73
55,16,15,1,53.9
56,16,62,1,215.7
57,16,19,2,402.89
58,16,18,2,250.54
59,17,4,1,194.26
60,17,54,4,341.99
61,17,62,1,215.7
62,17,73,4,474.1
63,17,9,4,58.75
64,18,27,4,388.74
65,18,57,2,446.72
66,18,99,4,273.19
67,18,67,1,276.75
68,18,30,3,242.62
69,19,18,2,250.54
70,19,8,1,291.43
71,20,89,4,249.17
72,20,29,2,305.3
73,20,59,1,453.63
74,20,19,4,402.89
75,21,79,1,265.84
76,21,67,1,276.75
77,21,52,2,340.83
78,22,93,2,258.69
79,23,43,1,446.64
80,24,54,1,341.99
81,24,75,4,120.94
82,24,2,2,119.71
83,25,50,3,243.34
84,25,5,1,197.87
85,25,6,3,196.57
86,25,48,3,415.18
87,25,51,3,436.43
88,26,15,2,53.9
89,26,74,2,179.75
90,26,99,1,273.19
91,27,72,1,310.88
92,27,42,3,81.98
93,27,93,2,258.69
94,27,39,2,187.34
95,27,13,3,424.42
96,28,27,3,388.74
97,28,34,4,146.82
98,29,87,4,264.83
99,29,85,1,310.05
100,30,85,1,310.05
101,30,83,2,284.61
102,30,19,3,402.89
103,31,26,1,438.17
104,32,4,1,194.26
105,33,19,4,402.89
106,33,54,3,341.99
107,33,22,1,48.79
108,33,48,1,415.18
109,33,31,3,314.73
110,34,100,1,380.07
111,34,96,3,349.93
112,34,54,4,341.99
113,34,32,1,244.11
114,34,99,3,273.19
115,35,59,3,453.63
116,35,33,2,62.63
117,35,15,2,53.9
118,35,19,4,402.89
119,36,58,3,425.26
120,36,66,3,244.34
121,36,34,2,146.82
122,36,13,2,424.42
123,37,60,4,210.31
124,38,74,1,179.75
125,38,19,3,402.89
126,38,78,1,68.42
127,38,77,4,82.37
128,39,56,1,295.88
129,39,19,4,402.89
130,39,95,3,423.64
131,40,88,4,253.31
132,40,76,2,334.46
133,41,56,1,295.88
134,41,12,2,477.56
135,41,65,1,392.05
136,41,96,1,349.93
137,41,91,4,227.19
138,42,87,2,264.83
139,42,54,3,341.99
140,43,85,3,310.05
141,43,62,2,215.7
142,43,92,4,455.46
143,43,86,1,432.01
144,43,61,1,214.17
145,44,97,3,77.73
146,44,67,4,276.75
147,45,84,4,153.73
148,45,62,4,215.7
149,45,57,3,446.72
150,46,32,2,244.11
151,46,66,1,244.34
152,47,88,1,253.31
153,47,28,4,315.85
154,47,13,3,424.42
155,48,71,1,250.35
156,48,88,3,253.31
157,48,15,4,53.9
158,48,42,4,81.98
159,48,81,1,135.75
160,49,40,3,465.16
161,50,42,3,81.98
162,50,59,4,453.63
163,50,64,3,79.12
164,50,65,1,392.05
165,51,90,1,164.21
166,51,34,4,146.82
167,51,97,1,77.73
168,51,31,2,314.73
169,52,41,2,122.45
170,52,28,1,315.85
171,52,15,4,53.9
172,53,63,1,163.78
173,53,72,3,310.88
174,53,65,4,392.05
175,53,4,2,194.26
176,54,48,1,415.18
177,55,66,4,244.34
178,55,36,4,112.6
179,55,41,1,122.45
180,55,89,1,249.17
181,55,21,1,287.87
182,56,3,1,479.96
183,56,67,2,276.75
184,56,12,3,477.56
185,56,15,4,53.9
186,57,92,1,455.46
187,57,51,3,436.43
188,57,88,3,253.31
189,57,66,4,244.34
190,58,40,2,465.16
191,59,81,4,135.75
192,59,17,2,425.88
193,59,68,3,169.52
194,59,25,4,366.6
195,59,64,3,79.12
196,60,97,2,77.73
197,60,75,2,120.94
198,61,94,2,60.39
199,62,72,3,310.88
200,62,70,1,439.46
201,62,42,3,81.98
202,62,67,4,276.75
203,62,40,2,465.16
204,63,27,4,388.74
205,63,88,4,253.31
206,63,67,3,276.75
207,63,10,4,140.15
208,63,44,2,21.82
209,64,49,1,193.89
210,64,4,1,194.26
211,65,16,3,454.47
212,65,33,4,62.63
213,65,45,1,324.19
214,66,55,3,405.59
215,67,73,4,474.1
216,68,75,2,120.94
217,68,80,4,38.87
218,68,39,2,187.34
219,68,89,2,249.17
220,68,21,3,287.87
221,69,57,2,446.72
222,69,68,1,169.52
223,69,29,2,305.3
224,69,24,2,34.73
225,69,74,3,179.75
226,70,6,1,196.57
227,70,18,2,250.54
228,70,59,1,453.63
229,71,22,3,48.79
230,71,1,2,341.27
231,71,45,1,324.19
232,71,7,4,480.03
233,71,34,1,146.82
234,72,9,4,58.75
235,72,12,4,477.56
236,72,17,3,425.88
237,73,81,3,135.75
238,73,50,1,243.34
239,73,37,1,167.33
240,73,35,2,144.6
241,74,27,1,388.74
242,74,5,4,197.87
243,74,80,3,38.87
244,74,82,1,43.63
245,74,72,1,310.88
246,75,71,3,250.35
247,75,38,4,49.02
248,75,86,1,432.01
249,76,29,4,305.3
250,76,70,3,439.46
251,77,56,4,295.88
252,77,22,3,48.79
253,77,63,3,163.78
254,77,28,2,315.85
255,77,6,2,196.57
256,78,18,3,250.54
257,78,57,4,446.72
258,79,39,1,187.34
259,80,20,1,302.33
260,80,90,3,164.21
261,80,4,3,194.26
262,80,46,4,98.83
263,81,16,2,454.47
264,81,95,3,423.64
265,81,86,4,432.01
266,81,51,2,436.43
267,82,33,3,62.63
268,82,17,1,425.88
269,83,66,2,244.34
270,84,58,1,425.26
271,85,82,3,43.63
272,85,25,3,366.6
273,85,99,2,273.19
274,85,60,3,210.31
275,86,12,3,477.56
276,86,32,2,244.11
277,86,29,2,305.3
278,87,43,3,446.64
279,88,29,2,305.3
280,89,57,2,446.72
281,89,7,2,480.03
282,90,75,4,120.94
283,90,46,3,98.83
284,90,73,1,474.1
285,91,50,4,243.34
286,91,83,3,284.61
287,91,93,3,258.69
288,91,28,4,315.85
289,92,84,3,153.73
290,92,21,1,287.87
291,93,53,1,298.35
292,93,69,2,114.37
293,93,24,3,34.73
294,94,77,1,82.37
295,95,2,2,119.71
296,95,97,1,77.73
297,95,35,3,144.6
298,95,46,3,98.83
299,96,45,1,324.19
300,96,27,1,388.74
301,96,46,4,98.83
302,97,44,3,21.82
303,97,40,3,465.16
304,97,97,1,77.73
305,97,22,1,48.79
306,98,95,2,423.64
307,98,43,4,446.64
308,98,90,3,164.21
309,98,9,2,58.75
310,98,27,2,388.74
311,99,99,1,273.19
312,99,13,1,424.42
313,99,98,4,223.42
314,100,3,4,479.96
315,100,86,4,432.01
316,100,21,4,287.87
317,101,35,2,144.6
318,101,91,3,227.19
319,101,45,1,324.19
320,102,21,2,287.87
321,102,42,1,81.98
322,102,3,1,479.96
323,102,66,1,244.34
324,102,22,2,48.79
325,103,82,2,43.63
326,103,99,1,273.19
327,103,6,2,196.57
328,103,68,1,169.52
329,103,60,2,210.31
330,104,38,4,49.02
331,104,76,3,334.46
332,104,8,2,291.43
333,104,78,1,68.42
334,105,18,1,250.54
335,105,37,1,167.33
336,105,67,1,276.75
337,105,2,3,119.71
338,105,84,3,153.73
339,106,43,4,446.64
340,106,69,4,114.37
341,106,24,1,34.73
342,107,77,3,82.37
343,107,79,3,265.84
344,107,47,2,206.98
345,107,76,4,334.46
346,107,67,2,276.75
347,108,18,2,250.54
348,108,45,3,324.19
349,108,12,4,477.56
350,109,79,1,265.84
351,109,36,3,112.6
352,109,91,4,227.19
353,109,8,4,291.43
354,110,77,3,82.37
355,110,78,2,68.42
356,111,5,2,197.87
357,112,14,1,343.34
358,112,13,3,424.42
359,112,5,1,197.87
360,112,3,3,479.96
361,113,99,3,273.19
362,113,84,2,153.73
363,114,12,4,477.56
364,114,46,2,98.83
365,115,95,3,423.64
366,115,17,3,425.88
367,115,76,1,334.46
368,115,54,2,341.99
369,115,52,1,340.83
370,116,88,3,253.31
371,116,93,2,258.69
372,117,45,1,324.19
373,117,33,2,62.63
374,117,44,1,21.82
375,117,84,4,153.73
376,118,45,3,324.19
377,119,53,3,298.35
378,119,47,1,206.98
379,119,79,3,265.84
380,119,10,3,140.15
381,119,91,4,227.19
382,120,26,1,438.17
383,121,92,1,455.46
384,121,40,4,465.16
385,122,25,1,366.6
386,122,43,2,446.64
387,122,85,1,310.05
388,122,46,3,98.83
389,122,66,4,244.34
390,123,55,1,405.59
391,123,32,4,244.11
392,123,36,4,112.6
393,124,20,1,302.33
394,124,31,4,314.73
395,125,44,4,21.82
396,125,3,3,479.96
397,126,8,2,291.43
398,126,39,3,187.34
399,126,53,3,298.35
400,126,77,4,82.37
401,126,48,3,415.18
402,127,39,1,187.34
403,127,26,2,438.17
404,128,37,1,167.33
405,128,95,1,423.64
406,128,9,3,58.75
407,129,18,1,250.54
408,129,57,1,446.72
409,129,22,4,48.79
410,130,53,3,298.35
411,131,91,2,227.19
412,131,85,2,310.05
413,131,13,4,424.42
414,131,39,1,187.34
415,131,34,1,146.82
416,132,21,4,287.87
417,132,73,4,474.1
418,133,74,2,179.75
419,133,97,3,77.73
420,133,45,3,324.19
421,133,37,4,167.33
422,134,62,2,215.7
423,134,94,3,60.39
424,134,15,2,53.9
425,134,98,4,223.42
426,135,62,2,215.7
427,135,52,4,340.83
428,135,78,4,68.42
429,136,60,3,210.31
430,136,87,1,264.83
431,136,20,2,302.33
432,137,7,3,480.03
433,137,22,4,48.79
434,138,68,4,169.52
435,138,59,3,453.63
436,139,59,2,453.63
437,139,19,2,402.89
438,139,10,3,140.15
439,139,51,4,436.43
440,139,8,2,291.43
441,140,37,4,167.33
442,140,54,4,341.99
443,141,30,4,242.62
444,141,23,4,32.52
445,141,33,2,62.63
446,141,58,3,425.26
447,141,38,2,49.02
448,142,15,4,53.9
449,142,98,4,223.42
450,142,7,3,480.03
451,143,12,4,477.56
452,143,81,3,135.75
453,143,63,1,163.78
454,143,8,4,291.43
455,143,6,2,196.57
456,144,64,3,79.12
457,144,31,4,314.73
458,144,35,3,144.6
459,144,73,1,474.1
460,145,33,4,62.63
461,145,45,1,324.19
462,145,96,3,349.93
463,146,84,3,153.73
464,146,71,2,250.35
465,146,95,1,423.64
466,146,10,1,140.15
467,147,20,1,302.33
468,147,10,2,140.15
469,147,53,2,298.35
470,147,22,3,48.79
471,148,60,3,210.31
472,148,28,1,315.85
473,149,62,4,215.7
474,149,37,2,167.33
475,149,66,1,244.34
476,150,56,4,295.88
477,150,45,3,324.19
478,150,25,2,366.6
479,150,61,4,214.17
480,151,72,2,310.88
481,151,84,2,153.73
482,151,36,4,112.6
483,151,38,1,49.02
484,152,76,1,334.46
485,152,26,2,438.17
486,152,31,3,314.73
487,152,62,2,215.7
488,152,91,4,227.19
489,153,16,1,454.47
490,153,97,1,77.73
491,154,71,4,250.35
492,154,76,4,334.46
493,154,47,1,206.98
494,154,36,3,112.6
495,154,26,1,438.17
496,155,85,3,310.05
497,155,25,3,366.6
498,156,98,4,223.42
499,156,15,2,53.9
500,156,5,2,197.87
501,156,10,3,140.15
502,157,92,3,455.46
503,157,80,2,38.87
504,157,52,3,340.83
505,157,67,1,276.75
506,157,25,4,366.6
507,158,28,2,315.85
508,158,91,1,227.19
509,159,69,1,114.37
510,160,23,3,32.52
511,160,93,1,258.69
512,160,100,2,380.07
513,161,52,3,340.83
514,161,36,4,112.6
515,161,15,4,53.9
516,161,49,4,193.89
517,162,74,4,179.75
518,162,49,1,193.89
519,162,82,4,43.63
520,163,32,2,244.11
521,163,80,1,38.87
522,163,71,4,250.35
523,163,22,2,48.79
524,163,5,3,197.87
525,164,73,4,474.1
526,164,4,2,194.26
527,164,51,4,436.43
528,164,75,3,120.94
529,165,4,1,194.26
530,166,17,3,425.88
531,166,42,3,81.98
532,166,54,2,341.99
533,166,98,4,223.42
534,167,35,2,144.6
535,167,73,2,474.1
536,167,13,4,424.42
537,168,52,1,340.83
538,168,5,4,197.87
539,168,61,3,214.17
540,168,23,1,32.52
541,168,74,4,179.75
542,169,29,3,305.3
543,169,31,2,314.73
544,170,29,3,305.3
545,170,100,1,380.07
546,170,59,3,453.63
547,171,33,1,62.63
548,171,94,1,60.39
549,172,61,1,214.17
550,172,99,2,273.19
551,173,90,1,164.21
552,174,34,3,146.82
553,174,96,2,349.93
554,175,21,4,287.87
555,175,84,4,153.73
556,175,86,3,432.01
557,176,66,4,244.34
558,176,18,3,250.54
559,176,86,3,432.01
560,176,38,4,49.02
561,177,1,1,341.27
562,178,97,4,77.73
563,179,77,1,82.37
564,179,70,4,439.46
565,180,36,2,112.6
566,180,15,4,53.9
567,180,14,2,343.34
568,181,15,1,53.9
569,181,100,1,380.07
570,181,28,4,315.85
571,181,46,3,98.83
572,181,5,1,197.87
573,182,18,3,250.54
574,182,22,4,48.79
575,182,48,3,415.18
576,183,6,1,196.57
577,184,35,1,144.6
578,184,67,3,276.75
579,185,77,4,82.37
580,185,50,1,243.34
581,185,40,1,465.16
582,185,6,2,196.57
583,186,82,2,43.63
584,187,15,2,53.9
585,187,39,2,187.34
586,187,97,2,77.73
587,188,98,1,223.42
588,188,86,3,432.01
589,188,91,4,227.19
590,189,96,4,349.93
591,189,34,2,146.82
592,189,94,1,60.39
593,189,25,4,366.6
594,189,89,4,249.17
595,190,12,1,477.56
596,190,91,3,227.19
597,190,1,4,341.27
598,190,83,2,284.61
599,191,87,2,264.83
600,191,74,4,179.75
601,191,40,1,465.16
602,191,36,4,112.6
603,191,91,1,227.19
604,192,26,3,438.17
605,192,50,4,243.34
606,192,98,4,223.42
607,192,28,4,315.85
608,193,16,2,454.47
609,193,29,2,305.3
610,194,59,3,453.63
611,194,36,3,112.6
612,194,24,2,34.73
613,194,39,4,187.34
614,194,45,4,324.19
615,195,35,2,144.6
616,195,83,2,284.61
617,195,23,2,32.52
618,195,80,2,38.87
619,195,68,4,169.52
620,196,49,3,193.89
621,196,31,4,314.73
622,196,64,2,79.12
623,196,95,1,423.64
624,196,1,1,341.27
625,197,44,1,21.82
626,197,11,3,128.21
627,197,18,1,250.54
628,198,75,4,120.94
629,198,72,2,310.88
630,198,45,2,324.19
631,198,88,4,253.31
632,198,81,1,135.75
633,199,79,3,265.84
634,200,50,1,243.34
635,200,42,3,81.98
636,200,86,3,432.01
637,201,27,2,388.74
638,201,51,4,436.43
639,201,26,1,438.17
640,201,92,1,455.46
641,201,38,1,49.02
642,202,61,1,214.17
643,202,28,3,315.85
644,202,89,4,249.17
645,202,57,1,446.72
646,203,8,2,291.43
647,203,1,2,341.27
648,203,88,1,253.31
649,203,98,1,223.42
650,203,32,1,244.11
651,204,75,3,120.94
652,204,26,3,438.17
653,204,23,2,32.52
654,204,29,1,305.3
655,205,93,2,258.69
656,205,54,4,341.99
657,205,39,4,187.34
658,205,28,2,315.85
659,205,52,3,340.83
660,206,11,3,128.21
661,207,37,2,167.33
662,208,60,2,210.31
663,209,76,3,334.46
664,209,63,3,163.78
665,209,34,4,146.82
666,210,79,4,265.84
667,210,23,4,32.52
668,210,73,4,474.1
669,211,28,3,315.85
670,211,71,2,250.35
671,211,64,4,79.12
672,211,99,3,273.19
673,212,42,4,81.98
674,212,24,3,34.73
675,213,16,2,454.47
676,213,80,2,38.87
677,213,24,1,34.73
678,213,18,3,250.54
679,213,45,4,324.19
680,214,64,1,79.12
681,215,95,3,423.64
682,215,85,3,310.05
683,216,69,3,114.37
684,217,14,4,343.34
685,217,86,1,432.01
686,217,41,2,122.45
687,217,72,3,310.88
688,217,68,3,169.52
689,218,38,1,49.02
690,218,94,1,60.39
691,219,51,3,436.43
692,219,46,1,98.83
693,220,30,4,242.62
694,220,65,1,392.05
695,221,70,1,439.46
696,221,3,3,479.96
697,221,85,2,310.05
698,221,98,3,223.42
699,222,1,3,341.27
700,222,46,4,98.83
701,223,89,3,249.17
702,223,37,2,167.33
703,223,94,1,60.39
704,224,70,3,439.46
705,225,39,2,187.34
706,225,14,2,343.34
707,226,95,2,423.64
708,226,38,2,49.02
709,226,85,3,310.05
710,226,47,4,206.98
711,227,13,1,424.42
712,227,80,1,38.87
713,228,42,4,81.98
714,228,80,1,38.87
715,229,13,1,424.42
716,229,62,3,215.7
717,229,23,3,32.52
718,229,39,1,187.34
719,229,20,1,302.33
720,230,27,3,388.74
721,230,38,4,49.02
722,230,36,1,112.6
723,230,33,1,62.63
724,231,57,1,446.72
725,232,14,4,343.34
726,233,55,2,405.59
727,233,88,1,253.31
728,234,34,3,146.82
729,234,25,2,366.6
730,235,6,3,196.57
731,235,30,2,242.62
732,235,36,4,112.6
733,235,35,1,144.6
734,236,73,2,474.1
735,236,22,2,48.79
736,236,3,4,479.96
737,236,89,3,249.17
738,237,3,1,479.96
739,237,85,2,310.05
740,238,8,1,291.43
741,238,73,3,474.1
742,238,20,3,302.33
743,239,67,4,276.75
744,240,7,4,480.03
745,240,77,2,82.37
746,241,49,3,193.89
747,242,53,4,298.35
748,243,52,1,340.83
749,244,70,2,439.46
750,244,89,4,249.17
751,245,81,2,135.75
752,246,100,3,380.07
753,246,65,4,392.05
754,246,10,1,140.15
755,247,22,1,48.79
756,248,54,3,341.99
757,249,54,1,341.99
758,249,75,2,120.94
759,249,56,3,295.88
760,249,50,2,243.34
761,249,25,4,366.6
762,250,73,1,474.1
763,250,51,3,436.43
764,250,36,1,112.6
765,250,6,2,196.57
766,251,66,2,244.34
767,252,50,4,243.34
768,252,65,2,392.05
769,252,76,4,334.46
770,252,80,4,38.87
771,252,58,4,425.26
772,253,58,3,425.26
773,253,13,4,424.42
774,253,2,1,119.71
775,253,93,4,258.69
776,254,29,1,305.3
777,254,72,2,310.88
778,255,100,2,380.07
779,256,41,4,122.45
780,256,50,3,243.34
781,256,58,4,425.26
782,257,67,3,276.75
783,257,48,1,415.18
784,258,85,4,310.05
785,259,57,3,446.72
786,259,70,3,439.46
787,259,49,1,193.89
788,259,50,4,243.34
789,259,19,4,402.89
790,260,27,4,388.74
791,260,96,2,349.93
792,260,31,1,314.73
793,260,24,3,34.73
794,261,56,2,295.88
795,261,15,4,53.9
796,261,22,4,48.79
797,261,79,3,265.84
798,262,58,2,425.26
799,262,44,1,21.82
800,263,44,2,21.82
801,263,41,2,122.45
802,263,18,4,250.54
803,263,84,3,153.73
804,263,11,4,128.21
805,264,78,2,68.42
806,264,58,3,425.26
807,264,51,2,436.43
808,264,18,1,250.54
809,265,76,4,334.46
810,266,92,3,455.46
811,266,15,4,53.9
812,266,22,3,48.79
813,266,14,3,343.34
814,266,33,2,62.63
815,267,83,2,284.61
816,267,18,2,250.54
817,267,30,3,242.62
818,268,45,1,324.19
819,268,53,1,298.35
820,268,100,4,380.07
821,268,30,2,242.62
822,268,20,4,302.33
823,269,23,3,32.52
824,269,5,1,197.87
825,269,90,1,164.21
826,269,20,1,302.33
827,269,14,4,343.34
828,270,65,3,392.05
829,271,80,4,38.87
830,271,9,2,58.75
831,271,15,4,53.9
832,271,40,1,465.16
833,271,58,1,425.26
834,272,13,3,424.42
835,272,45,2,324.19
836,272,93,1,258.69
837,272,61,2,214.17
838,273,42,4,81.98
839,273,47,3,206.98
840,273,70,3,439.46
841,273,83,4,284.61
842,273,16,4,454.47
843,274,25,4,366.6
844,275,73,3,474.1
845,276,13,3,424.42
846,276,56,3,295.88
847,276,64,3,79.12
848,276,47,1,206.98
849,277,85,1,310.05
850,277,19,4,402.89
851,277,77,3,82.37
852,277,23,4,32.52
853,277,27,4,388.74
854,278,87,1,264.83
855,278,13,2,424.42
856,278,46,4,98.83
857,278,68,4,169.52
858,279,7,3,480.03
859,279,57,3,446.72
860,279,10,2,140.15
861,280,5,1,197.87
862,280,21,4,287.87
863,280,1,4,341.27
864,281,43,1,446.64
865,281,67,3,276.75
866,281,72,4,310.88
867,281,17,3,425.88
868,282,74,4,179.75
869,283,57,4,446.72
870,283,66,3,244.34
871,284,26,2,438.17
872,284,64,3,79.12
873,285,94,2,60.39
874,285,73,2,474.1
875,285,66,4,244.34
876,286,36,1,112.6
877,286,65,1,392.05
878,286,90,3,164.21
879,287,63,1,163.78
880,287,25,4,366.6
881,287,52,4,340.83
882,288,81,3,135.75
883,289,61,3,214.17
884,289,32,3,244.11
885,290,40,4,465.16
886,290,71,2,250.35
887,290,5,2,197.87
888,290,74,4,179.75
889,291,66,2,244.34
890,291,99,2,273.19
891,292,42,3,81.98
892,292,94,3,60.39
893,293,83,1,284.61
894,293,31,4,314.73
895,293,73,2,474.1
896,293,28,1,315.85
897,294,34,4,146.82
898,294,37,4,167.33
899,294,71,4,250.35
900,294,5,4,197.87
901,294,49,2,193.89
902,295,87,2,264.83
903,296,55,2,405.59
904,296,5,2,197.87
905,296,32,4,244.11
906,297,59,3,453.63
907,297,69,3,114.37
908,297,30,4,242.62
909,297,70,4,439.46
910,297,39,1,187.34
911,298,54,2,341.99
912,298,43,4,446.64
913,298,26,1,438.17
914,299,62,1,215.7
915,300,42,1,81.98
916,300,79,1,265.84
917,301,74,1,179.75
918,301,13,2,424.42
919,301,66,2,244.34
920,301,45,4,324.19
921,301,69,4,114.37
922,302,10,4,140.15
923,302,86,1,432.01
924,302,50,4,243.34
925,302,41,2,122.45
926,302,40,3,465.16
927,303,66,4,244.34
928,303,20,3,302.33
929,303,98,2,223.42
930,304,46,1,98.83
931,305,13,2,424.42
932,306,40,3,465.16
933,306,64,3,79.12
934,306,7,3,480.03
935,307,7,4,480.03
936,307,52,3,340.83
937,307,31,3,314.73
938,307,56,2,295.88
939,307,59,4,453.63
940,308,94,4,60.39
941,308,35,4,144.6
942,308,83,2,284.61
943,309,19,1,402.89
944,309,34,2,146.82
945,309,1,2,341.27
946,309,67,1,276.75
947,310,57,4,446.72
948,310,18,4,250.54
949,310,74,1,179.75
950,310,24,1,34.73
951,310,60,2,210.31
952,311,44,2,21.82
953,311,84,1,153.73
954,311,75,2,120.94
955,311,98,4,223.42
956,311,46,4,98.83
957,312,36,2,112.6
958,312,8,4,291.43
959,312,20,2,302.33
960,312,100,3,380.07
961,312,48,4,415.18
962,313,96,1,349.93
963,313,61,3,214.17
964,313,86,4,432.01
965,313,28,4,315.85
966,313,52,1,340.83
967,314,43,3,446.64
968,314,48,2,415.18
969,314,74,4,179.75
970,314,19,3,402.89
971,315,40,2,465.16
972,316,72,3,310.88
973,316,87,4,264.83
974,316,48,3,415.18
975,316,70,4,439.46
976,317,34,2,146.82
977,317,2,2,119.71
978,317,55,1,405.59
979,317,41,4,122.45
980,318,58,1,425.26
981,319,43,4,446.64
982,319,96,2,349.93
983,320,48,4,415.18
984,320,97,1,77.73
985,320,23,1,32.52
986,320,35,2,144.6
987,321,99,2,273.19
988,321,94,3,60.39
989,321,25,4,366.6
990,321,50,2,243.34
991,321,67,3,276.75
992,322,84,3,153.73
993,323,50,4,243.34
994,323,36,1,112.6
995,324,87,4,264.83
996,324,6,1,196.57
997,324,34,2,146.82
998,324,53,1,298.35
999,325,10,4,140.15
1000,325,77,2,82.37
1001,325,5,1,197.87
1002,326,68,3,169.52
1003,326,41,4,122.45
1004,327,34,4,146.82
1005,328,7,1,480.03
1006,328,90,1,164.21
1007,328,23,2,32.52
1008,328,83,3,284.61
1009,328,3,2,479.96
1010,329,35,2,144.6
1011,330,2,4,119.71
1012,331,4,1,194.26
1013,331,68,4,169.52
1014,331,42,4,81.98
1015,331,10,1,140.15
1016,332,49,1,193.89
1017,332,20,4,302.33
1018,333,39,2,187.34
1019,333,69,2,114.37
1020,333,96,2,349.93
1021,334,8,3,291.43
1022,334,81,1,135.75
1023,334,10,4,140.15
1024,334,73,3,474.1
1025,334,39,1,187.34
1026,335,75,4,120.94
1027,335,47,3,206.98
1028,335,15,3,53.9
1029,336,61,3,214.17
1030,336,11,3,128.21
1031,337,60,4,210.31
1032,337,12,1,477.56
1033,337,53,2,298.35
1034,338,82,3,43.63
1035,339,76,1,334.46
1036,339,7,4,480.03
1037,339,22,4,48.79
1038,339,54,1,341.99
1039,339,98,4,223.42
1040,340,68,1,169.52
1041,341,77,3,82.37
1042,341,22,1,48.79
1043,341,9,4,58.75
1044,341,68,2,169.52
1045,342,97,3,77.73
1046,342,90,2,164.21
1047,342,73,4,474.1
1048,342,93,1,258.69
1049,343,52,2,340.83
1050,343,29,4,305.3
1051,343,78,1,68.42
1052,343,30,1,242.62
1053,344,10,4,140.15
1054,344,74,2,179.75
1055,345,45,1,324.19
1056,346,60,4,210.31
1057,346,5,3,197.87
1058,346,85,2,310.05
1059,347,19,3,402.89
1060,347,28,1,315.85
1061,347,13,1,424.42
1062,347,75,3,120.94
1063,348,52,4,340.83
1064,348,36,2,112.6
1065,348,20,3,302.33
1066,348,3,2,479.96
1067,348,30,3,242.62
1068,349,49,1,193.89
1069,349,63,3,163.78
1070,350,68,4,169.52
1071,350,60,4,210.31
1072,350,63,3,163.78
1073,350,48,2,415.18
1074,350,7,2,480.03
1075,351,57,1,446.72
1076,352,21,3,287.87
1077,352,86,2,432.01
1078,352,57,3,446.72
1079,352,72,3,310.88
1080,353,52,2,340.83
1081,353,73,2,474.1
1082,353,55,4,405.59
1083,353,83,3,284.61
1084,354,72,3,310.88
1085,354,76,4,334.46
1086,355,35,3,144.6
1087,355,17,4,425.88
1088,355,92,4,455.46
1089,355,73,2,474.1
1090,356,54,3,341.99
1091,356,89,3,249.17
1092,356,94,2,60.39
1093,356,1,1,341.27
1094,357,39,2,187.34
1095,358,13,4,424.42
1096,358,98,2,223.42
1097,358,6,3,196.57
1098,359,45,1,324.19
1099,359,8,3,291.43
1100,360,30,1,242.62
1101,360,1,2,341.27
1102,360,80,4,38.87
1103,361,15,3,53.9
1104,361,36,3,112.6
1105,361,69,1,114.37
1106,362,23,2,32.52
1107,362,38,2,49.02
1108,362,55,2,405.59
1109,362,73,3,474.1
1110,363,26,3,438.17
1111,364,4,4,194.26
1112,364,95,1,423.64
1113,364,32,4,244.11
1114,364,60,2,210.31
1115,365,96,4,349.93
1116,366,46,4,98.83
1117,367,95,2,423.64
1118,368,47,3,206.98
1119,368,5,4,197.87
1120,369,66,4,244.34
1121,370,84,2,153.73
1122,370,89,3,249.17
1123,370,51,2,436.43
1124,370,87,1,264.83
1125,370,82,2,43.63
1126,371,21,1,287.87
1127,371,39,3,187.34
1128,371,64,4,79.12
1129,371,100,4,380.07
1130,372,97,2,77.73
1131,372,13,4,424.42
1132,372,64,4,79.12
1133,372,74,3,179.75
1134,373,89,3,249.17
1135,373,44,4,21.82
1136,374,27,3,388.74
1137,374,6,1,196.57
1138,374,58,1,425.26
1139,374,60,4,210.31
1140,375,84,1,153.73
1141,376,55,1,405.59
1142,376,72,3,310.88
1143,376,93,1,258.69
1144,376,7,1,480.03
1145,376,22,3,48.79
1146,377,94,2,60.39
1147,377,46,4,98.83
1148,377,23,3,32.52
1149,378,6,3,196.57
1150,378,73,1,474.1
1151,379,63,1,163.78
1152,379,72,4,310.88
1153,379,59,4,453.63
1154,379,2,4,119.71
1155,379,55,1,405.59
1156,380,30,4,242.62
1157,381,33,2,62.63
1158,381,71,3,250.35
1159,381,78,4,68.42
1160,381,45,2,324.19
1161,381,60,3,210.31
1162,382,92,3,455.46
1163,382,86,4,432.01
1164,383,65,2,392.05
1165,383,6,3,196.57
1166,383,55,1,405.59
1167,383,17,4,425.88
1168,383,1,2,341.27
1169,384,92,1,455.46
1170,384,40,1,465.16
1171,384,88,2,253.31
1172,384,24,2,34.73
1173,384,15,2,53.9
1174,385,14,2,343.34
1175,385,36,4,112.6
1176,386,55,2,405.59
1177,386,3,3,479.96
1178,386,94,1,60.39
1179,386,10,2,140.15
1180,387,77,3,82.37
1181,387,47,2,206.98
1182,387,5,1,197.87
1183,388,85,2,310.05
1184,388,24,4,34.73
1185,388,75,2,120.94
1186,388,72,3,310.88
1187,389,42,1,81.98
1188,389,88,4,253.31
1189,390,80,3,38.87
1190,390,10,4,140.15
1191,391,40,2,465.16
1192,391,26,1,438.17
1193,391,88,4,253.31
1194,391,1,1,341.27
1195,391,70,2,439.46
1196,392,17,3,425.88
1197,393,75,4,120.94
1198,393,41,4,122.45
1199,393,82,2,43.63
1200,393,14,2,343.34
1201,394,49,4,193.89
1202,394,46,3,98.83
1203,394,56,1,295.88
1204,395,29,3,305.3
1205,395,71,1,250.35
1206,395,6,1,196.57
1207,395,33,4,62.63
1208,396,32,2,244.11
1209,396,48,3,415.18
1210,396,24,4,34.73
1211,397,8,1,291.43
1212,397,15,4,53.9
1213,397,1,3,341.27
1214,397,13,3,424.42
1215,398,85,2,310.05
1216,398,77,2,82.37
1217,398,32,2,244.11
1218,398,1,3,341.27
1219,398,100,1,380.07
1220,399,37,3,167.33
1221,399,83,1,284.61
1222,400,73,3,474.1
1223,400,12,3,477.56
1224,400,44,4,21.82
1225,400,2,4,119.71
1226,401,56,1,295.88
1227,402,97,3,77.73
1228,402,55,3,405.59
1229,402,56,3,295.88
1230,402,51,4,436.43
1231,403,6,1,196.57
1232,403,77,1,82.37
1233,403,10,1,140.15
1234,404,25,2,366.6
1235,404,8,3,291.43
1236,404,60,3,210.31
1237,405,84,3,153.73
1238,405,80,4,38.87
1239,405,77,4,82.37
1240,405,61,3,214.17
1241,405,18,2,250.54
1242,406,26,2,438.17
1243,406,31,4,314.73
1244,406,47,1,206.98
1245,407,33,2,62.63
1246,408,24,1,34.73
1247,408,57,3,446.72
1248,408,41,1,122.45
1249,408,1,2,341.27
1250,408,72,4,310.88
1251,409,54,2,341.99
1252,409,12,1,477.56
1253,409,90,1,164.21
1254,409,68,4,169.52
1255,409,27,2,388.74
1256,410,48,3,415.18
1257,410,98,1,223.42
1258,411,45,1,324.19
1259,411,93,3,258.69
1260,411,76,4,334.46
1261,412,72,2,310.88
1262,412,15,1,53.9
1263,412,71,4,250.35
1264,413,18,4,250.54
1265,414,56,2,295.88
1266,414,26,1,438.17
1267,414,38,4,49.02
1268,415,98,3,223.42
1269,415,68,3,169.52
1270,415,5,2,197.87
1271,415,31,3,314.73
1272,416,42,3,81.98
1273,416,67,3,276.75
1274,417,53,4,298.35
1275,417,3,1,479.96
1276,417,64,4,79.12
1277,417,47,3,206.98
1278,418,42,4,81.98
1279,418,29,1,305.3
1280,418,55,3,405.59
1281,418,41,2,122.45
1282,418,53,4,298.35
1283,419,34,3,146.82
1284,419,47,1,206.98
1285,419,7,4,480.03
1286,419,27,3,388.74
1287,420,100,2,380.07
1288,420,95,2,423.64
1289,420,17,3,425.88
1290,420,52,4,340.83
1291,420,87,3,264.83
1292,421,65,1,392.05
1293,422,93,2,258.69
1294,422,39,4,187.34
1295,422,98,1,223.42
1296,422,35,4,144.6
1297,423,3,4,479.96
1298,423,43,4,446.64
1299,423,23,2,32.52
1300,424,41,3,122.45
1301,424,79,3,265.84
1302,424,19,1,402.89
1303,425,44,1,21.82
1304,425,67,4,276.75
1305,426,16,4,454.47
1306,426,53,2,298.35
1307,426,31,4,314.73
1308,426,34,2,146.82
1309,426,56,2,295.88
1310,427,96,3,349.93
1311,428,93,3,258.69
1312,428,70,3,439.46
1313,428,23,3,32.52
1314,428,49,4,193.89
1315,429,68,2,169.52
1316,429,9,1,58.75
1317,429,42,4,81.98
1318,430,62,1,215.7
1319,430,44,4,21.82
1320,430,93,1,258.69
1321,431,20,2,302.33
1322,432,5,1,197.87
1323,432,38,1,49.02
1324,433,88,4,253.31
1325,433,75,2,120.94
1326,433,24,4,34.73
1327,433,21,3,287.87
1328,434,12,2,477.56
1329,434,42,2,81.98
1330,434,44,3,21.82
1331,434,65,1,392.05
1332,434,66,1,244.34
1333,435,26,4,438.17
1334,435,14,4,343.34
1335,436,83,2,284.61
1336,436,67,1,276.75
1337,436,7,4,480.03
1338,436,87,4,264.83
1339,437,20,4,302.33
1340,437,4,2,194.26
1341,437,97,2,77.73
1342,438,61,1,214.17
1343,438,97,2,77.73
1344,438,27,4,388.74
1345,438,20,4,302.33
1346,439,2,1,119.71
1347,439,75,2,120.94
1348,439,89,4,249.17
1349,440,97,4,77.73
1350,440,24,2,34.73
1351,440,20,3,302.33
1352,440,54,2,341.99
1353,440,90,4,164.21
1354,441,87,2,264.83
1355,441,31,4,314.73
1356,441,22,2,48.79
1357,441,100,3,380.07
1358,442,63,4,163.78
1359,442,84,3,153.73
1360,442,45,4,324.19
1361,442,83,4,284.61
1362,443,56,2,295.88
1363,443,9,1,58.75
1364,443,37,3,167.33
1365,444,2,2,119.71
1366,444,44,1,21.82
1367,444,7,1,480.03
1368,444,78,1,68.42
1369,445,57,2,446.72
1370,445,21,4,287.87
1371,446,40,2,465.16
1372,446,78,1,68.42
1373,447,77,2,82.37
1374,447,63,3,163.78
1375,447,56,4,295.88
1376,447,40,4,465.16
1377,447,72,4,310.88
1378,448,44,2,21.82
1379,449,6,2,196.57
1380,449,74,4,179.75
1381,449,21,1,287.87
1382,449,38,3,49.02
1383,450,70,4,439.46
1384,450,56,1,295.88
1385,450,30,3,242.62
1386,450,92,2,455.46
1387,450,18,1,250.54
1388,451,6,3,196.57
1389,451,53,3,298.35
1390,451,8,3,291.43
1391,451,12,3,477.56
1392,452,48,1,415.18
1393,452,42,2,81.98
1394,452,20,3,302.33
1395,452,88,3,253.31
1396,453,62,2,215.7
1397,453,38,2,49.02
1398,453,42,1,81.98
1399,453,64,4,79.12
1400,453,96,1,349.93
1401,454,25,2,366.6
1402,454,50,2,243.34
1403,454,95,2,423.64
1404,454,31,1,314.73
1405,454,4,2,194.26
1406,455,61,3,214.17
1407,455,30,1,242.62
1408,455,88,1,253.31
1409,455,41,2,122.45
1410,455,33,1,62.63
1411,456,44,1,21.82
1412,456,71,4,250.35
1413,456,80,4,38.87
1414,456,9,2,58.75
1415,457,90,2,164.21
1416,457,77,4,82.37
1417,458,94,3,60.39
1418,458,60,4,210.31
1419,458,69,3,114.37
1420,459,63,1,163.78
1421,459,13,2,424.42
1422,459,79,1,265.84
1423,459,27,2,388.74
1424,459,29,3,305.3
1425,460,27,4,388.74
1426,460,64,2,79.12
1427,460,96,4,349.93
1428,461,73,4,474.1
1429,461,81,3,135.75
1430,461,75,1,120.94
1431,461,62,1,215.7
1432,461,43,4,446.64
1433,462,42,1,81.98
1434,462,49,3,193.89
1435,462,85,3,310.05
1436,462,15,2,53.9
1437,462,57,2,446.72
1438,463,32,2,244.11
1439,463,91,4,227.19
1440,463,100,2,380.07
1441,464,65,1,392.05
1442,465,18,3,250.54
1443,465,76,3,334.46
1444,466,48,3,415.18
1445,466,57,3,446.72
1446,466,68,2,169.52
1447,466,36,4,112.6
1448,466,47,3,206.98
1449,467,67,1,276.75
1450,467,6,1,196.57
1451,467,81,1,135.75
1452,467,35,1,144.6
1453,467,63,1,163.78
1454,468,44,1,21.82
1455,469,60,2,210.31
1456,469,32,4,244.11
1457,470,7,3,480.03
1458,471,38,4,49.02
1459,471,5,3,197.87
1460,471,18,2,250.54
1461,471,12,4,477.56
1462,471,15,3,53.9
1463,472,82,1,43.63
1464,472,67,3,276.75
1465,473,26,4,438.17
1466,473,88,2,253.31
1467,474,66,3,244.34
1468,474,56,3,295.88
1469,474,52,4,340.83
1470,474,49,4,193.89
1471,474,59,1,453.63
1472,475,93,1,258.69
1473,475,36,3,112.6
1474,476,14,4,343.34
1475,476,89,4,249.17
1476,477,10,4,140.15
1477,477,32,2,244.11
1478,477,57,4,446.72
1479,477,14,1,343.34
1480,477,37,1,167.33
1481,478,26,2,438.17
1482,478,15,1,53.9
1483,478,20,4,302.33
1484,479,79,4,265.84
1485,479,17,1,425.88
1486,479,66,2,244.34
1487,480,55,4,405.59
1488,481,23,3,32.52
1489,482,27,2,388.74
1490,482,92,3,455.46
1491,483,81,4,135.75
1492,483,62,3,215.7
1493,483,20,4,302.33
1494,483,83,2,284.61
1495,484,37,1,167.33
1496,484,46,4,98.83
1497,484,43,1,446.64
1498,484,81,4,135.75
1499,485,62,3,215.7
1500,485,40,3,465.16
1501,485,71,4,250.35
1502,485,98,3,223.42
1503,486,93,3,258.69
1504,487,56,2,295.88
1505,488,96,3,349.93
1506,488,20,2,302.33
1507,488,56,1,295.88
1508,488,38,4,49.02
1509,488,76,2,334.46
1510,489,85,3,310.05
1511,489,78,2,68.42
1512,489,11,3,128.21
1513,489,28,4,315.85
1514,489,67,4,276.75
1515,490,52,4,340.83
1516,490,38,3,49.02
1517,491,22,2,48.79
1518,491,54,4,341.99
1519,492,74,4,179.75
1520,492,90,2,164.21
1521,493,39,3,187.34
1522,493,87,3,264.83
1523,493,57,2,446.72
1524,493,49,3,193.89
1525,493,83,4,284.61
1526,494,19,3,402.89
1527,494,94,4,60.39
1528,495,87,1,264.83
1529,495,5,3,197.87
1530,495,61,2,214.17
1531,495,59,4,453.63
1532,495,32,1,244.11
1533,496,27,4,388.74
1534,496,42,3,81.98
1535,496,53,3,298.35
1536,496,35,4,144.6
1537,497,20,3,302.33
1538,498,65,4,392.05
1539,498,86,3,432.01
1540,499,1,3,341.27
1541,499,12,4,477.56
1542,499,91,4,227.19
1543,499,72,2,310.88
1544,499,64,4,79.12
1545,500,39,4,187.34
1546,501,91,2,227.19
1547,501,39,1,187.34
1548,501,32,2,244.11
1549,502,29,1,305.3
1550,502,11,4,128.21
1551,502,100,1,380.07
1552,502,78,1,68.42
1553,503,12,4,477.56
1554,503,69,4,114.37
1555,503,9,4,58.75
1556,503,33,1,62.63
1557,503,20,3,302.33
1558,504,29,3,305.3
1559,504,19,3,402.89
1560,505,36,3,112.6
1561,505,30,2,242.62
1562,505,53,2,298.35
1563,505,18,1,250.54
1564,506,24,1,34.73
1565,506,21,2,287.87
1566,506,77,4,82.37
1567,506,88,1,253.31
1568,506,67,4,276.75
1569,507,19,4,402.89
1570,507,57,1,446.72
1571,507,41,1,122.45
1572,507,72,4,310.88
1573,508,53,3,298.35
1574,509,46,3,98.83
1575,509,14,3,343.34
1576,509,35,2,144.6
1577,510,93,1,258.69
1578,510,83,3,284.61
1579,510,25,2,366.6
1580,510,41,4,122.45
1581,511,62,3,215.7
1582,511,32,1,244.11
1583,511,67,2,276.75
1584,511,2,4,119.71
1585,511,49,4,193.89
1586,512,49,3,193.89
1587,512,87,4,264.83
1588,513,13,4,424.42
1589,514,57,1,446.72
1590,514,9,2,58.75
1591,514,81,4,135.75
1592,514,75,4,120.94
1593,514,34,3,146.82
1594,515,39,1,187.34
1595,515,94,2,60.39
1596,515,6,4,196.57
1597,516,19,2,402.89
1598,516,77,2,82.37
1599,516,18,1,250.54
1600,517,50,3,243.34
1601,517,44,2,21.82
1602,517,58,1,425.26
1603,517,76,1,334.46
1604,518,15,3,53.9
1605,518,52,4,340.83
1606,518,98,1,223.42
1607,518,35,4,144.6
1608,519,56,3,295.88
1609,519,35,3,144.6
1610,519,47,4,206.98
1611,519,44,1,21.82
1612,519,87,1,264.83
1613,520,36,4,112.6
1614,521,85,3,310.05
1615,521,91,2,227.19
1616,521,76,3,334.46
1617,522,27,4,388.74
1618,522,1,3,341.27
1619,522,62,1,215.7
1620,523,32,1,244.11
1621,523,39,2,187.34
1622,523,75,3,120.94
1623,523,67,1,276.75
1624,523,95,4,423.64
1625,524,62,4,215.7
1626,524,50,2,243.34
1627,524,22,3,48.79
1628,524,45,2,324.19
1629,525,87,3,264.83
1630,525,51,2,436.43
1631,525,24,2,34.73
1632,526,63,3,163.78
1633,526,9,3,58.75
1634,526,44,4,21.82
1635,527,46,4,98.83
1636,527,40,4,465.16
1637,527,83,2,284.61
1638,527,82,2,43.63
1639,527,27,4,388.74
1640,528,12,1,477.56
1641,528,25,3,366.6
1642,528,69,4,114.37
1643,528,84,3,153.73
1644,529,35,4,144.6
1645,529,14,3,343.34
1646,529,13,3,424.42
1647,529,45,4,324.19
1648,530,82,2,43.63
1649,530,45,1,324.19
1650,530,34,4,146.82
1651,531,20,4,302.33
1652,531,12,2,477.56
1653,532,61,2,214.17
1654,533,66,4,244.34
1655,534,49,2,193.89
1656,534,79,1,265.84
1657,535,25,1,366.6
1658,535,68,1,169.52
1659,536,85,1,310.05
1660,536,16,2,454.47
1661,537,19,2,402.89
1662,537,34,3,146.82
1663,537,44,2,21.82
1664,537,55,2,405.59
1665,537,54,2,341.99
1666,538,39,4,187.34
1667,539,50,2,243.34
1668,539,82,4,43.63
1669,539,30,2,242.62
1670,539,9,3,58.75
1671,540,46,2,98.83
1672,541,67,2,276.75
1673,541,54,4,341.99
1674,541,77,1,82.37
1675,541,72,1,310.88
1676,541,29,4,305.3
1677,542,80,2,38.87
1678,542,21,2,287.87
1679,542,68,3,169.52
1680,542,23,4,32.52
1681,543,95,3,423.64
1682,543,47,2,206.98
1683,543,92,3,455.46
1684,544,3,4,479.96
1685,544,32,3,244.11
1686,544,75,4,120.94
1687,544,58,3,425.26
1688,545,26,1,438.17
1689,545,62,4,215.7
1690,545,57,2,446.72
1691,546,92,4,455.46
1692,546,58,3,425.26
1693,547,60,1,210.31
1694,547,88,1,253.31
1695,547,17,1,425.88
1696,547,10,4,140.15
1697,548,8,1,291.43
1698,548,87,4,264.83
1699,548,97,3,77.73
1700,548,37,4,167.33
1701,548,2,4,119.71
1702,549,56,4,295.88
1703,550,86,4,432.01
1704,550,18,4,250.54
1705,551,33,1,62.63
1706,552,47,4,206.98
1707,552,26,2,438.17
1708,552,32,3,244.11
1709,552,69,1,114.37
1710,552,39,3,187.34
1711,553,93,3,258.69
1712,553,81,3,135.75
1713,554,65,4,392.05
1714,554,60,4,210.31
1715,554,68,4,169.52
1716,555,97,4,77.73
1717,555,5,2,197.87
1718,555,69,2,114.37
1719,555,41,2,122.45
1720,555,28,2,315.85
1721,556,78,2,68.42
1722,556,36,4,112.6
1723,557,37,2,167.33
1724,557,46,1,98.83
1725,557,34,2,146.82
1726,557,35,2,144.6
1727,558,86,2,432.01
1728,558,11,3,128.21
1729,558,93,3,258.69
1730,559,3,1,479.96
1731,559,44,2,21.82
1732,560,51,4,436.43
1733,560,82,4,43.63
1734,560,4,2,194.26
1735,560,88,3,253.31
1736,561,80,2,38.87
1737,561,56,4,295.88
1738,562,60,2,210.31
1739,562,16,2,454.47
1740,562,81,1,135.75
1741,562,49,2,193.89
1742,562,22,1,48.79
1743,563,24,3,34.73
1744,563,51,3,436.43
1745,563,80,2,38.87
1746,564,85,1,310.05
1747,564,15,4,53.9
1748,565,32,4,244.11
1749,566,60,1,210.31
1750,566,29,3,305.3
1751,567,65,3,392.05
1752,567,2,2,119.71
1753,568,81,1,135.75
1754,568,65,1,392.05
1755,568,52,3,340.83
1756,568,58,1,425.26
1757,569,42,2,81.98
1758,569,46,3,98.83
1759,569,30,1,242.62
1760,569,99,1,273.19
1761,570,25,3,366.6
1762,571,81,3,135.75
1763,571,51,4,436.43
1764,571,80,2,38.87
1765,571,23,4,32.52
1766,571,27,2,388.74
1767,572,39,2,187.34
1768,572,97,3,77.73
1769,572,69,2,114.37
1770,573,45,4,324.19
1771,573,68,4,169.52
1772,573,56,3,295.88
1773,573,60,1,210.31
1774,573,77,4,82.37
1775,574,83,4,284.61
1776,574,66,1,244.34
1777,575,90,3,164.21
1778,575,6,2,196.57
1779,575,95,2,423.64
1780,575,29,3,305.3
1781,575,16,2,454.47
1782,576,55,3,405.59
1783,576,78,1,68.42
1784,576,39,3,187.34
1785,577,34,1,146.82
1786,577,2,1,119.71
1787,577,20,4,302.33
1788,578,8,2,291.43
1789,578,31,4,314.73
1790,578,81,1,135.75
1791,579,36,1,112.6
1792,579,41,4,122.45
1793,579,33,2,62.63
1794,579,89,3,249.17
1795,579,1,1,341.27
1796,580,95,4,423.64
1797,580,67,4,276.75
1798,580,17,4,425.88
1799,580,31,1,314.73
1800,580,5,2,197.87
1801,581,13,1,424.42
1802,581,75,2,120.94
1803,581,54,2,341.99
1804,582,41,4,122.45
1805,582,64,1,79.12
1806,582,60,1,210.31
1807,582,20,3,302.33
1808,583,49,3,193.89
1809,583,15,4,53.9
1810,583,40,1,465.16
1811,584,57,1,446.72
1812,585,32,1,244.11
1813,585,80,4,38.87
1814,586,8,2,291.43
1815,586,20,1,302.33
1816,586,73,1,474.1
1817,587,37,3,167.33
1818,587,28,3,315.85
1819,588,1,3,341.27
1820,589,67,4,276.75
1821,589,70,4,439.46
1822,590,75,4,120.94
1823,591,99,1,273.19
1824,592,80,4,38.87
1825,592,92,1,455.46
1826,592,32,1,244.11
1827,592,22,2,48.79
1828,593,80,4,38.87
1829,594,74,3,179.75
1830,594,92,1,455.46
1831,594,42,3,81.98
1832,594,46,4,98.83
1833,594,22,3,48.79
1834,595,54,4,341.99
1835,595,30,3,242.62
1836,595,48,1,415.18
1837,596,59,4,453.63
1838,597,40,2,465.16
1839,597,63,4,163.78
1840,597,31,1,314.73
1841,598,93,3,258.69
1842,598,56,1,295.88
1843,598,27,4,388.74
1844,598,70,1,439.46
1845,598,42,3,81.98
1846,599,78,2,68.42
1847,599,74,2,179.75
1848,599,68,4,169.52
1849,600,93,2,258.69
1850,600,99,4,273.19
1851,600,67,3,276.75
1852,600,100,4,380.07
1853,600,23,4,32.52
1854,601,3,2,479.96
1855,601,50,2,243.34
1856,601,97,1,77.73
1857,602,41,4,122.45
1858,602,62,3,215.7
1859,602,1,1,341.27
1860,602,29,1,305.3
1861,603,40,2,465.16
1862,603,20,2,302.33
1863,603,39,4,187.34
1864,604,11,1,128.21
1865,604,51,1,436.43
1866,605,78,4,68.42
1867,606,32,3,244.11
1868,606,96,3,349.93
1869,606,97,4,77.73
1870,606,46,4,98.83
1871,607,62,1,215.7
1872,608,29,3,305.3
1873,609,16,4,454.47
1874,609,9,1,58.75
1875,609,33,3,62.63
1876,610,51,3,436.43
1877,610,98,4,223.42
1878,611,22,3,48.79
1879,611,28,3,315.85
1880,611,63,3,163.78
1881,611,47,1,206.98
1882,611,56,1,295.88
1883,612,62,4,215.7
1884,612,58,3,425.26
1885,612,73,4,474.1
1886,612,26,2,438.17
1887,613,18,2,250.54
1888,613,98,1,223.42
1889,614,19,3,402.89
1890,614,12,3,477.56
1891,615,9,2,58.75
1892,615,12,4,477.56
1893,615,2,2,119.71
1894,615,34,2,146.82
1895,616,31,2,314.73
1896,617,62,3,215.7
1897,617,5,1,197.87
1898,617,37,1,167.33
1899,617,86,4,432.01
1900,618,50,1,243.34
1901,618,35,3,144.6
1902,618,14,2,343.34
1903,619,50,1,243.34
1904,620,12,3,477.56
1905,620,19,2,402.89
1906,620,60,2,210.31
1907,621,5,3,197.87
1908,621,50,4,243.34
1909,621,24,1,34.73
1910,621,59,1,453.63
1911,621,68,4,169.52
1912,622,37,3,167.33
1913,622,7,2,480.03
1914,622,45,1,324.19
1915,622,100,2,380.07
1916,623,84,4,153.73
1917,623,6,4,196.57
1918,623,99,3,273.19
1919,623,46,2,98.83
1920,623,100,4,380.07
1921,624,95,2,423.64
1922,624,11,3,128.21
1923,624,40,1,465.16
1924,624,63,3,163.78
1925,624,43,4,446.64
1926,625,54,1,341.99
1927,626,27,1,388.74
1928,626,8,3,291.43
1929,626,4,1,194.26
1930,626,80,4,38.87
1931,627,16,1,454.47
1932,627,92,2,455.46
1933,627,49,1,193.89
1934,628,25,4,366.6
1935,629,29,4,305.3
1936,629,67,4,276.75
1937,629,31,2,314.73
1938,629,48,2,415.18
1939,629,83,4,284.61
1940,630,74,3,179.75
1941,630,57,4,446.72
1942,630,45,2,324.19
1943,631,59,3,453.63
1944,631,53,2,298.35
1945,631,50,3,243.34
1946,631,63,1,163.78
1947,631,57,4,446.72
1948,632,46,4,98.83
1949,633,84,2,153.73
1950,633,75,4,120.94
1951,634,83,2,284.61
1952,634,8,1,291.43
1953,634,7,1,480.03
1954,635,47,1,206.98
1955,635,79,1,265.84
1956,636,37,4,167.33
1957,636,82,2,43.63
1958,636,38,3,49.02
1959,637,93,2,258.69
1960,637,61,3,214.17
1961,637,50,2,243.34
1962,637,72,2,310.88
1963,638,91,4,227.19
1964,638,70,1,439.46
1965,639,12,1,477.56
1966,639,3,4,479.96
1967,639,60,1,210.31
1968,639,22,2,48.79
1969,639,90,3,164.21
1970,640,60,1,210.31
1971,640,13,4,424.42
1972,640,54,4,341.99
1973,640,38,3,49.02
1974,641,75,1,120.94
1975,641,100,1,380.07
1976,642,2,4,119.71
1977,642,37,4,167.33
1978,642,15,2,53.9
1979,642,72,4,310.88
1980,642,70,2,439.46
1981,643,92,4,455.46
1982,643,23,3,32.52
1983,643,44,4,21.82
1984,644,24,3,34.73
1985,645,2,4,119.71
1986,645,75,3,120.94
1987,645,97,3,77.73
1988,646,52,3,340.83
1989,646,8,4,291.43
1990,647,43,3,446.64
1991,647,31,3,314.73
1992,647,65,2,392.05
1993,647,74,3,179.75
1994,648,1,3,341.27
1995,649,30,4,242.62
1996,649,62,2,215.7
1997,650,90,2,164.21
1998,650,43,1,446.64
1999,650,73,4,474.1
2000,650,48,3,415.18
2001,650,97,3,77.73
2002,651,76,4,334.46
2003,651,63,1,163.78
2004,651,87,3,264.83
2005,652,100,3,380.07
2006,652,79,4,265.84
2007,652,94,3,60.39
2008,652,98,3,223.42
2009,652,75,2,120.94
2010,653,98,2,223.42
2011,653,58,3,425.26
2012,654,98,3,223.42
2013,654,2,2,119.71
2014,655,10,4,140.15
2015,656,39,1,187.34
2016,656,58,1,425.26
2017,656,7,4,480.03
2018,656,27,3,388.74
2019,656,16,2,454.47
2020,657,78,2,68.42
2021,658,22,3,48.79
2022,658,72,3,310.88
2023,659,68,1,169.52
2024,659,71,1,250.35
2025,659,53,4,298.35
2026,659,11,4,128.21
2027,659,100,4,380.07
2028,660,95,3,423.64
2029,661,16,3,454.47
2030,661,5,3,197.87
2031,661,53,4,298.35
2032,661,4,3,194.26
2033,662,18,3,250.54
2034,662,45,3,324.19
2035,663,17,3,425.88
2036,663,49,2,193.89
2037,663,56,4,295.88
2038,663,25,2,366.6
2039,664,86,2,432.01
2040,664,99,4,273.19
2041,665,51,1,436.43
2042,665,39,4,187.34
2043,665,9,4,58.75
2044,665,97,3,77.73
2045,666,16,1,454.47
2046,667,47,4,206.98
2047,667,70,2,439.46
2048,667,77,4,82.37
2049,668,28,4,315.85
2050,668,81,2,135.75
2051,668,55,1,405.59
2052,668,49,3,193.89
2053,669,19,4,402.89
2054,670,5,1,197.87
2055,670,10,1,140.15
2056,670,58,2,425.26
2057,670,96,4,349.93
2058,671,24,4,34.73
2059,671,27,2,388.74
2060,671,7,1,480.03
2061,671,23,2,32.52
2062,671,66,2,244.34
2063,672,57,4,446.72
2064,672,94,3,60.39
2065,673,43,3,446.64
2066,673,4,3,194.26
2067,673,59,1,453.63
2068,673,48,3,415.18
2069,674,91,2,227.19
2070,674,22,4,48.79
2071,675,51,4,436.43
2072,675,4,2,194.26
2073,675,44,4,21.82
2074,676,43,1,446.64
2075,676,8,2,291.43
2076,676,41,3,122.45
2077,676,28,3,315.85
2078,677,17,3,425.88
2079,677,81,3,135.75
2080,678,9,4,58.75
2081,678,52,4,340.83
2082,678,18,3,250.54
2083,678,39,2,187.34
2084,679,78,4,68.42
2085,679,71,1,250.35
2086,679,97,2,77.73
2087,679,82,1,43.63
2088,679,93,4,258.69
2089,680,66,3,244.34
2090,680,47,2,206.98
2091,680,22,1,48.79
2092,680,64,2,79.12
2093,680,69,2,114.37
2094,681,65,4,392.05
2095,681,53,2,298.35
2096,681,88,3,253.31
2097,681,58,4,425.26
2098,681,79,1,265.84
2099,682,75,3,120.94
2100,682,80,2,38.87
2101,682,95,3,423.64
2102,682,7,1,480.03
2103,683,78,1,68.42
2104,683,10,3,140.15
2105,684,19,3,402.89
2106,684,3,3,479.96
2107,685,2,4,119.71
2108,685,47,1,206.98
2109,685,81,3,135.75
2110,685,10,2,140.15
2111,685,20,1,302.33
2112,686,22,1,48.79
2113,686,43,4,446.64
2114,686,32,3,244.11
2115,686,45,2,324.19
2116,687,86,4,432.01
2117,687,91,3,227.19
2118,688,53,4,298.35
2119,688,64,3,79.12
2120,689,85,4,310.05
2121,689,53,2,298.35
2122,689,87,1,264.83
2123,690,79,2,265.84
2124,690,23,2,32.52
2125,690,38,3,49.02
2126,691,92,3,455.46
2127,691,60,3,210.31
2128,691,9,1,58.75
2129,691,23,1,32.52
2130,691,39,4,187.34
2131,692,30,1,242.62
2132,692,31,4,314.73
2133,692,26,1,438.17
2134,693,90,3,164.21
2135,693,31,2,314.73
2136,693,32,3,244.11
2137,694,6,3,196.57
2138,695,81,3,135.75
2139,696,49,3,193.89
2140,696,46,2,98.83
2141,696,16,4,454.47
2142,696,22,4,48.79
2143,697,80,4,38.87
2144,697,13,3,424.42
2145,697,87,4,264.83
2146,697,94,1,60.39
2147,697,55,1,405.59
2148,698,88,3,253.31
2149,698,72,2,310.88
2150,698,18,3,250.54
2151,699,79,3,265.84
2152,699,17,4,425.88
2153,700,72,3,310.88
2154,700,70,2,439.46
2155,700,3,1,479.96
2156,700,53,4,298.35
2157,700,92,4,455.46
2158,701,10,4,140.15
2159,701,15,4,53.9
2160,701,47,3,206.98
2161,702,45,2,324.19
2162,702,69,4,114.37
2163,702,55,1,405.59
2164,702,100,3,380.07
2165,702,39,1,187.34
2166,703,53,3,298.35
2167,703,11,2,128.21
2168,703,29,3,305.3
2169,703,72,3,310.88
2170,704,2,3,119.71
2171,705,38,3,49.02
2172,705,26,3,438.17
2173,705,58,2,425.26
2174,705,100,4,380.07
2175,706,4,2,194.26
2176,706,93,2,258.69
2177,706,6,4,196.57
2178,706,92,1,455.46
2179,706,89,2,249.17
2180,707,89,2,249.17
2181,707,99,2,273.19
2182,708,23,3,32.52
2183,709,5,2,197.87
2184,710,17,2,425.88
2185,710,86,4,432.01
2186,710,27,1,388.74
2187,710,99,2,273.19
2188,710,64,3,79.12
2189,711,68,1,169.52
2190,711,32,1,244.11
2191,711,11,4,128.21
2192,711,34,3,146.82
2193,711,63,3,163.78
2194,712,79,1,265.84
2195,712,77,4,82.37
2196,712,90,4,164.21
2197,712,88,2,253.31
2198,713,85,4,310.05
2199,714,27,4,388.74
2200,714,64,3,79.12
2201,714,45,3,324.19
2202,715,71,3,250.35
2203,715,30,4,242.62
2204,715,6,1,196.57
2205,715,20,4,302.33
2206,716,94,2,60.39
2207,716,5,1,197.87
2208,716,32,3,244.11
2209,717,63,3,163.78
2210,718,47,4,206.98
2211,718,84,4,153.73
2212,718,67,1,276.75
2213,718,83,2,284.61
2214,719,5,3,197.87
2215,719,74,4,179.75
2216,719,82,4,43.63
2217,719,47,2,206.98
2218,720,1,2,341.27
2219,721,98,3,223.42
2220,721,41,3,122.45
2221,721,74,4,179.75
2222,722,70,1,439.46
2223,722,15,3,53.9
2224,722,32,3,244.11
2225,722,99,2,273.19
2226,723,81,4,135.75
2227,723,74,4,179.75
2228,723,56,3,295.88
2229,723,29,3,305.3
2230,724,70,1,439.46
2231,725,95,1,423.64
2232,726,30,4,242.62
2233,726,9,2,58.75
2234,726,45,2,324.19
2235,727,43,2,446.64
2236,728,7,4,480.03
2237,728,90,1,164.21
2238,728,9,1,58.75
2239,728,15,1,53.9
2240,729,26,2,438.17
2241,729,63,4,163.78
2242,729,68,2,169.52
2243,730,72,1,310.88
2244,730,39,4,187.34
2245,730,6,4,196.57
2246,730,65,4,392.05
2247,730,76,2,334.46
2248,731,19,4,402.89
2249,731,11,3,128.21
2250,731,85,4,310.05
2251,732,81,2,135.75
2252,732,53,3,298.35
2253,732,44,1,21.82
2254,733,25,2,366.6
2255,733,76,1,334.46
2256,733,81,4,135.75
2257,734,56,3,295.88
2258,735,59,3,453.63
2259,735,2,2,119.71
2260,736,53,1,298.35
2261,736,10,1,140.15
2262,736,18,1,250.54
2263,736,2,3,119.71
2264,737,5,2,197.87
2265,737,95,1,423.64
2266,738,20,3,302.33
2267,738,52,1,340.83
2268,738,51,2,436.43
2269,738,11,4,128.21
2270,738,93,1,258.69
2271,739,52,3,340.83
2272,739,72,2,310.88
2273,740,74,1,179.75
2274,740,21,1,287.87
2275,740,34,2,146.82
2276,741,47,1,206.98
2277,742,14,1,343.34
2278,742,3,2,479.96
2279,742,53,4,298.35
2280,742,84,3,153.73
2281,742,70,2,439.46
2282,743,33,2,62.63
2283,743,12,4,477.56
2284,743,77,3,82.37
2285,743,64,1,79.12
2286,744,49,1,193.89
2287,744,22,4,48.79
2288,745,99,1,273.19
2289,745,31,2,314.73
2290,746,13,1,424.42
2291,746,55,3,405.59
2292,747,53,4,298.35
2293,747,10,2,140.15
2294,748,59,3,453.63
2295,748,12,4,477.56
2296,749,71,4,250.35
2297,749,87,2,264.83
2298,749,18,3,250.54
2299,749,55,4,405.59
2300,749,58,4,425.26
2301,750,4,1,194.26
2302,750,35,4,144.6
2303,750,19,2,402.89
2304,750,80,3,38.87
2305,751,5,1,197.87
2306,751,3,1,479.96
2307,751,82,1,43.63
2308,752,36,4,112.6
2309,752,87,2,264.83
2310,753,33,2,62.63
2311,753,89,2,249.17
2312,753,47,1,206.98
2313,753,94,1,60.39
2314,754,31,3,314.73
2315,754,92,2,455.46
2316,754,99,3,273.19
2317,755,60,3,210.31
2318,755,53,2,298.35
2319,755,10,3,140.15
2320,755,55,4,405.59
2321,756,92,3,455.46
2322,756,29,4,305.3
2323,756,11,3,128.21
2324,756,23,2,32.52
2325,756,87,1,264.83
2326,757,38,3,49.02
2327,757,35,4,144.6
2328,757,2,2,119.71
2329,758,8,3,291.43
2330,758,4,2,194.26
2331,758,49,4,193.89
2332,759,5,2,197.87
2333,760,6,3,196.57
2334,760,11,1,128.21
2335,760,49,2,193.89
2336,761,27,2,388.74
2337,762,95,3,423.64
2338,762,75,3,120.94
2339,762,69,2,114.37
2340,762,73,1,474.1
2341,763,79,2,265.84
2342,764,7,1,480.03
2343,764,38,3,49.02
2344,764,75,3,120.94
2345,765,17,1,425.88
2346,766,37,2,167.33
2347,766,34,2,146.82
2348,766,11,3,128.21
2349,766,48,1,415.18
2350,767,72,4,310.88
2351,767,3,3,479.96
2352,767,10,1,140.15
2353,767,37,1,167.33
2354,767,55,4,405.59
2355,768,70,1,439.46
2356,769,85,2,310.05
2357,769,21,4,287.87
2358,769,58,4,425.26
2359,770,88,4,253.31
2360,770,81,3,135.75
2361,770,78,4,68.42
2362,771,53,1,298.35
2363,771,6,4,196.57
2364,772,14,2,343.34
2365,772,96,3,349.93
2366,772,13,4,424.42
2367,772,61,4,214.17
2368,772,84,2,153.73
2369,773,17,3,425.88
2370,773,87,2,264.83
2371,774,88,3,253.31
2372,774,87,4,264.83
2373,774,74,3,179.75
2374,774,67,4,276.75
2375,774,42,4,81.98
2376,775,20,2,302.33
2377,775,67,1,276.75
2378,776,37,1,167.33
2379,777,33,2,62.63
2380,777,23,2,32.52
2381,777,9,1,58.75
2382,778,82,4,43.63
2383,778,61,3,214.17
2384,778,94,2,60.39
2385,779,99,1,273.19
2386,779,70,4,439.46
2387,779,96,1,349.93
2388,780,85,2,310.05
2389,780,81,1,135.75
2390,780,9,1,58.75
2391,780,86,1,432.01
2392,780,58,1,425.26
2393,781,71,4,250.35
2394,781,7,1,480.03
2395,782,92,1,455.46
2396,782,83,1,284.61
2397,783,33,4,62.63
2398,784,22,4,48.79
2399,784,41,2,122.45
2400,784,94,1,60.39
2401,785,51,1,436.43
2402,785,52,1,340.83
2403,786,90,2,164.21
2404,786,51,1,436.43
2405,786,52,2,340.83
2406,787,37,4,167.33
2407,787,47,3,206.98
2408,787,29,1,305.3
2409,787,70,4,439.46
2410,788,87,2,264.83
2411,788,26,4,438.17
2412,788,95,1,423.64
2413,788,77,2,82.37
2414,788,48,3,415.18
2415,789,70,3,439.46
2416,789,94,3,60.39
2417,789,17,1,425.88
2418,790,49,3,193.89
2419,790,31,4,314.73
2420,790,81,2,135.75
2421,791,96,1,349.93
2422,791,13,2,424.42
2423,791,3,1,479.96
2424,791,27,3,388.74
2425,792,100,3,380.07
2426,792,73,1,474.1
2427,792,58,2,425.26
2428,792,29,2,305.3
2429,792,32,3,244.11
2430,793,75,4,120.94
2431,794,69,3,114.37
2432,794,19,4,402.89
2433,794,30,4,242.62
2434,794,31,3,314.73
2435,794,89,1,249.17
2436,795,73,3,474.1
2437,795,41,3,122.45
2438,795,4,1,194.26
2439,795,9,4,58.75
2440,795,13,1,424.42
2441,796,90,3,164.21
2442,796,6,4,196.57
2443,796,16,3,454.47
2444,796,97,3,77.73
2445,796,62,4,215.7
2446,797,3,2,479.96
2447,798,8,4,291.43
2448,799,84,3,153.73
2449,799,5,3,197.87
2450,799,95,4,423.64
2451,800,84,2,153.73
2452,800,99,2,273.19
2453,800,91,4,227.19
2454,800,14,1,343.34
2455,800,76,2,334.46
2456,801,67,2,276.75
2457,801,31,3,314.73
2458,801,46,3,98.83
2459,801,29,4,305.3
2460,801,65,4,392.05
2461,802,24,1,34.73
2462,802,20,1,302.33
2463,802,18,2,250.54
2464,802,2,1,119.71
2465,802,51,1,436.43
2466,803,8,2,291.43
2467,804,87,1,264.83
2468,804,64,2,79.12
2469,804,25,3,366.6
2470,804,42,3,81.98
2471,804,5,4,197.87
2472,805,42,3,81.98
2473,806,48,3,415.18
2474,807,52,3,340.83
2475,807,92,4,455.46
2476,807,13,2,424.42
2477,807,82,3,43.63
2478,808,32,2,244.11
2479,808,54,4,341.99
2480,808,62,2,215.7
2481,808,36,3,112.6
2482,809,57,2,446.72
2483,809,68,4,169.52
2484,809,43,2,446.64
2485,810,48,2,415.18
2486,810,37,3,167.33
2487,811,74,2,179.75
2488,811,56,3,295.88
2489,812,27,2,388.74
2490,812,14,2,343.34
2491,812,55,3,405.59
2492,813,86,4,432.01
2493,814,65,2,392.05
2494,814,52,4,340.83
2495,814,37,1,167.33
2496,814,15,1,53.9
2497,814,53,2,298.35
2498,815,48,1,415.18
2499,816,86,4,432.01
2500,816,92,1,455.46
2501,816,56,2,295.88
2502,816,50,1,243.34
2503,817,29,4,305.3
2504,818,12,1,477.56
2505,818,93,3,258.69
2506,818,54,2,341.99
2507,818,24,2,34.73
2508,819,29,4,305.3
2509,819,37,1,167.33
2510,819,74,4,179.75
2511,819,75,2,120.94
2512,820,29,2,305.3
2513,820,78,4,68.42
2514,821,23,3,32.52
2515,821,85,4,310.05
2516,821,1,4,341.27
2517,822,24,1,34.73
2518,822,44,2,21.82
2519,822,74,2,179.75
2520,822,49,3,193.89
2521,822,50,3,243.34
2522,823,15,1,53.9
2523,823,100,1,380.07
2524,824,47,1,206.98
2525,824,21,1,287.87
2526,825,29,1,305.3
2527,825,45,1,324.19
2528,825,92,3,455.46
2529,825,65,4,392.05
2530,826,26,1,438.17
2531,826,25,3,366.6
2532,826,40,2,465.16
2533,826,67,1,276.75
2534,827,69,1,114.37
2535,828,28,3,315.85
2536,829,50,4,243.34
2537,829,86,1,432.01
2538,829,45,4,324.19
2539,829,96,4,349.93
2540,829,80,4,38.87
2541,830,49,2,193.89
2542,830,50,2,243.34
2543,831,47,4,206.98
2544,831,49,4,193.89
2545,831,38,4,49.02
2546,831,79,1,265.84
2547,832,64,1,79.12
2548,833,78,4,68.42
2549,833,15,2,53.9
2550,833,64,1,79.12
2551,834,88,3,253.31
2552,835,7,3,480.03
2553,836,69,4,114.37
2554,837,44,1,21.82
2555,837,43,4,446.64
2556,837,69,1,114.37
2557,837,12,1,477.56
2558,838,95,2,423.64
2559,838,91,1,227.19
2560,838,57,4,446.72
2561,838,50,2,243.34
2562,839,26,1,438.17
2563,839,33,3,62.63
2564,839,39,1,187.34
2565,839,2,3,119.71
2566,840,34,1,146.82
2567,841,67,4,276.75
2568,841,84,3,153.73
2569,841,27,2,388.74
2570,842,94,1,60.39
2571,843,6,4,196.57
2572,844,17,2,425.88
2573,844,74,3,179.75
2574,844,20,2,302.33
2575,844,88,1,253.31
2576,845,7,3,480.03
2577,846,25,1,366.6
2578,846,8,2,291.43
2579,846,77,1,82.37
2580,846,5,4,197.87
2581,846,13,4,424.42
2582,847,86,2,432.01
2583,847,69,2,114.37
2584,848,35,2,144.6
2585,848,70,2,439.46
2586,848,73,4,474.1
2587,848,87,1,264.83
2588,849,61,2,214.17
2589,849,17,2,425.88
2590,849,98,4,223.42
2591,850,8,4,291.43
2592,850,6,1,196.57
2593,850,51,2,436.43
2594,850,20,2,302.33
2595,851,27,1,388.74
2596,851,33,2,62.63
2597,851,15,3,53.9
2598,851,69,3,114.37
2599,852,14,1,343.34
2600,852,100,4,380.07
2601,853,46,1,98.83
2602,853,73,4,474.1
2603,853,48,3,415.18
2604,854,54,4,341.99
2605,854,6,1,196.57
2606,854,40,3,465.16
2607,854,11,2,128.21
2608,854,83,3,284.61
2609,855,4,4,194.26
2610,855,75,2,120.94
2611,856,60,2,210.31
2612,856,83,1,284.61
2613,856,78,1,68.42
2614,856,61,2,214.17
2615,857,42,2,81.98
2616,857,26,2,438.17
2617,858,31,3,314.73
2618,859,1,3,341.27
2619,859,92,3,455.46
2620,859,46,3,98.83
2621,859,72,4,310.88
2622,860,49,3,193.89
2623,861,46,1,98.83
2624,861,11,1,128.21
2625,861,98,3,223.42
2626,861,42,4,81.98
2627,862,42,1,81.98
2628,862,39,4,187.34
2629,862,97,3,77.73
2630,863,74,3,179.75
2631,863,78,4,68.42
2632,864,57,3,446.72
2633,864,96,3,349.93
2634,865,97,2,77.73
2635,865,58,1,425.26
2636,865,100,3,380.07
2637,865,60,1,210.31
2638,865,55,1,405.59
2639,866,97,2,77.73
2640,866,69,4,114.37
2641,867,90,3,164.21
2642,868,45,3,324.19
2643,869,86,4,432.01
2644,869,51,1,436.43
2645,870,16,3,454.47
2646,870,85,1,310.05
2647,871,40,3,465.16
2648,871,8,1,291.43
2649,871,18,1,250.54
2650,871,57,1,446.72
2651,872,10,3,140.15
2652,872,38,3,49.02
2653,872,79,2,265.84
2654,872,53,2,298.35
2655,872,69,3,114.37
2656,873,78,1,68.42
2657,874,83,2,284.61
2658,874,61,2,214.17
2659,874,75,3,120.94
2660,874,84,1,153.73
2661,875,98,1,223.42
2662,876,19,2,402.89
2663,876,92,3,455.46
2664,876,82,1,43.63
2665,876,77,3,82.37
2666,877,4,4,194.26
2667,878,64,1,79.12
2668,878,44,2,21.82
2669,878,77,2,82.37
2670,879,59,4,453.63
2671,880,86,4,432.01
2672,880,37,2,167.33
2673,880,63,3,163.78
2674,881,79,3,265.84
2675,881,46,1,98.83
2676,882,21,1,287.87
2677,882,25,1,366.6
2678,882,82,1,43.63
2679,883,100,4,380.07
2680,883,37,4,167.33
2681,884,90,2,164.21
2682,884,82,4,43.63
2683,884,15,2,53.9
2684,884,70,4,439.46
2685,884,13,1,424.42
2686,885,79,3,265.84
2687,885,8,4,291.43
2688,886,43,4,446.64
2689,887,79,2,265.84
2690,887,98,2,223.42
2691,888,2,2,119.71
2692,888,79,4,265.84
2693,889,82,3,43.63
2694,889,66,3,244.34
2695,889,71,4,250.35
2696,890,46,1,98.83
2697,890,7,3,480.03
2698,890,40,1,465.16
2699,890,71,3,250.35
2700,891,57,1,446.72
2701,891,1,3,341.27
2702,891,99,3,273.19
2703,891,82,2,43.63
2704,892,54,2,341.99
2705,892,93,4,258.69
2706,892,25,4,366.6
2707,892,56,2,295.88
2708,893,39,4,187.34
2709,893,64,4,79.12
2710,893,44,3,21.82
2711,893,82,4,43.63
2712,894,13,4,424.42
2713,894,42,3,81.98
2714,894,30,3,242.62
2715,894,84,4,153.73
2716,895,23,1,32.52
2717,895,30,4,242.62
2718,896,98,4,223.42
2719,897,68,2,169.52
2720,897,74,4,179.75
2721,898,47,3,206.98
2722,898,82,1,43.63
2723,898,89,1,249.17
2724,898,78,4,68.42
2725,898,10,1,140.15
2726,899,18,4,250.54
2727,899,2,4,119.71
2728,899,61,2,214.17
2729,900,12,4,477.56
2730,900,30,1,242.62
2731,901,88,4,253.31
2732,901,63,2,163.78
2733,901,58,1,425.26
2734,902,1,3,341.27
2735,903,49,4,193.89
2736,903,85,2,310.05
2737,904,3,4,479.96
2738,905,46,4,98.83
2739,905,42,4,81.98
2740,905,76,4,334.46
2741,905,29,1,305.3
2742,906,47,3,206.98
2743,906,38,1,49.02
2744,906,81,3,135.75
2745,906,23,4,32.52
2746,907,64,4,79.12
2747,907,47,4,206.98
2748,907,25,1,366.6
2749,908,28,3,315.85
2750,908,77,4,82.37
2751,909,47,3,206.98
2752,909,64,4,79.12
2753,909,90,2,164.21
2754,909,84,4,153.73
2755,910,41,2,122.45
2756,910,54,3,341.99
2757,910,90,3,164.21
2758,910,89,1,249.17
2759,910,88,2,253.31
2760,911,10,2,140.15
2761,911,93,3,258.69
2762,911,42,1,81.98
2763,911,37,1,167.33
2764,911,96,3,349.93
2765,912,41,1,122.45
2766,912,39,2,187.34
2767,912,73,3,474.1
2768,912,38,2,49.02
2769,912,5,2,197.87
2770,913,67,3,276.75
2771,913,88,3,253.31
2772,913,93,3,258.69
2773,914,10,2,140.15
2774,914,23,2,32.52
2775,914,3,1,479.96
2776,914,84,3,153.73
2777,914,53,1,298.35
2778,915,65,2,392.05
2779,915,11,1,128.21
2780,915,88,1,253.31
2781,916,92,1,455.46
2782,917,18,1,250.54
2783,917,32,1,244.11
2784,917,40,2,465.16
2785,918,24,3,34.73
2786,918,18,2,250.54
2787,918,52,2,340.83
2788,919,77,3,82.37
2789,919,14,2,343.34
2790,919,89,3,249.17
2791,919,91,2,227.19
2792,919,53,3,298.35
2793,920,75,1,120.94
2794,920,78,1,68.42
2795,921,30,1,242.62
2796,921,62,4,215.7
2797,921,65,2,392.05
2798,921,54,3,341.99
2799,921,20,4,302.33
2800,922,50,4,243.34
2801,922,77,4,82.37
2802,922,24,4,34.73
2803,922,8,2,291.43
2804,923,28,4,315.85
2805,923,77,2,82.37
2806,924,49,4,193.89
2807,924,55,3,405.59
2808,924,92,1,455.46
2809,925,60,1,210.31
2810,926,85,1,310.05
2811,927,63,3,163.78
2812,927,64,2,79.12
2813,928,63,4,163.78
2814,928,9,1,58.75
2815,929,31,2,314.73
2816,929,60,2,210.31
2817,929,83,1,284.61
2818,929,56,1,295.88
2819,930,27,2,388.74
2820,930,15,2,53.9
2821,931,83,2,284.61
2822,932,40,2,465.16
2823,933,95,4,423.64
2824,933,63,2,163.78
2825,934,95,2,423.64
2826,934,42,1,81.98
2827,934,46,1,98.83
2828,934,79,2,265.84
2829,935,95,2,423.64
2830,935,10,3,140.15
2831,935,25,2,366.6
2832,935,11,3,128.21
2833,936,62,1,215.7
2834,937,16,4,454.47
2835,937,52,4,340.83
2836,938,86,1,432.01
2837,938,70,2,439.46
2838,938,99,2,273.19
2839,939,57,4,446.72
2840,939,28,4,315.85
2841,940,65,4,392.05
2842,940,7,2,480.03
2843,940,76,1,334.46
2844,940,23,4,32.52
2845,941,31,4,314.73
2846,942,2,1,119.71
2847,942,60,2,210.31
2848,943,63,1,163.78
2849,943,92,4,455.46
2850,943,11,2,128.21
2851,943,69,4,114.37
2852,943,53,2,298.35
2853,944,68,4,169.52
2854,944,95,3,423.64
2855,944,40,2,465.16
2856,944,75,2,120.94
2857,945,23,3,32.52
2858,945,29,3,305.3
2859,946,89,4,249.17
2860,946,3,1,479.96
2861,946,57,2,446.72
2862,946,69,3,114.37
2863,946,24,4,34.73
2864,947,39,1,187.34
2865,948,74,1,179.75
2866,949,65,1,392.05
2867,949,3,2,479.96
2868,950,95,2,423.64
2869,950,40,1,465.16
2870,950,85,4,310.05
2871,950,10,4,140.15
2872,950,8,4,291.43
2873,951,59,2,453.63
2874,951,27,2,388.74
2875,951,80,4,38.87
2876,951,13,2,424.42
2877,952,16,4,454.47
2878,952,83,2,284.61
2879,952,34,2,146.82
2880,952,22,1,48.79
2881,953,88,2,253.31
2882,953,67,3,276.75
2883,953,82,4,43.63
2884,953,100,2,380.07
2885,954,16,4,454.47
2886,954,46,4,98.83
2887,954,41,3,122.45
2888,954,56,4,295.88
2889,955,87,2,264.83
2890,956,61,4,214.17
2891,956,86,1,432.01
2892,956,80,3,38.87
2893,957,81,2,135.75
2894,958,49,1,193.89
2895,958,42,3,81.98
2896,958,79,1,265.84
2897,958,26,4,438.17
2898,959,91,1,227.19
2899,959,5,2,197.87
2900,959,4,4,194.26
2901,960,93,2,258.69
2902,960,38,2,49.02
2903,961,45,2,324.19
2904,962,3,4,479.96
2905,962,65,3,392.05
2906,962,78,3,68.42
2907,963,93,1,258.69
2908,963,60,2,210.31
2909,963,58,2,425.26
2910,963,87,4,264.83
2911,963,96,4,349.93
2912,964,37,1,167.33
2913,964,96,1,349.93
2914,964,32,1,244.11
2915,964,57,1,446.72
2916,965,47,3,206.98
2917,966,46,1,98.83
2918,966,12,1,477.56
2919,966,11,2,128.21
2920,967,73,2,474.1
2921,967,11,3,128.21
2922,967,63,4,163.78
2923,968,54,3,341.99
2924,968,74,1,179.75
2925,968,100,4,380.07
2926,969,50,3,243.34
2927,969,94,2,60.39
2928,969,24,1,34.73
2929,969,8,3,291.43
2930,969,14,1,343.34
2931,970,100,3,380.07
2932,970,48,3,415.18
2933,970,37,1,167.33
2934,970,33,2,62.63
2935,971,23,1,32.52
2936,971,30,2,242.62
2937,971,81,1,135.75
2938,971,84,4,153.73
2939,972,93,1,258.69
2940,972,87,1,264.83
2941,973,56,3,295.88
2942,973,58,2,425.26
2943,973,29,3,305.3
2944,973,17,2,425.88
2945,973,31,2,314.73
2946,974,46,2,98.83
2947,974,55,1,405.59
2948,975,23,4,32.52
2949,975,62,1,215.7
2950,976,68,1,169.52
2951,976,79,4,265.84
2952,976,18,3,250.54
2953,977,29,2,305.3
2954,977,84,4,153.73
2955,977,94,1,60.39
2956,978,10,3,140.15
2957,978,44,1,21.82
2958,979,69,4,114.37
2959,979,35,4,144.6
2960,979,85,2,310.05
2961,979,73,1,474.1
2962,980,76,2,334.46
2963,980,34,4,146.82
2964,980,18,1,250.54
2965,981,56,3,295.88
2966,982,49,3,193.89
2967,982,8,2,291.43
2968,982,52,4,340.83
2969,982,96,4,349.93
2970,983,7,2,480.03
2971,984,28,2,315.85
2972,984,59,2,453.63
2973,984,55,2,405.59
2974,984,15,2,53.9
2975,984,72,2,310.88
2976,985,18,2,250.54
2977,986,52,2,340.83
2978,986,88,3,253.31
2979,987,73,3,474.1
2980,987,28,3,315.85
2981,988,69,1,114.37
2982,988,65,1,392.05
2983,988,10,1,140.15
2984,988,42,1,81.98
2985,988,32,4,244.11
2986,989,58,3,425.26
2987,989,63,2,163.78
2988,989,39,4,187.34
2989,989,32,4,244.11
2990,989,10,1,140.15
2991,990,59,2,453.63
2992,990,89,3,249.17
2993,990,27,1,388.74
2994,991,67,4,276.75
2995,991,65,1,392.05
2996,992,33,1,62.63
2997,992,79,2,265.84
2998,992,80,2,38.87
2999,992,27,1,388.74
3000,992,84,2,153.73
3001,993,79,3,265.84
3002,993,32,4,244.11
3003,993,99,1,273.19
3004,993,55,1,405.59
3005,994,3,1,479.96
3006,994,31,1,314.73
3007,994,58,2,425.26
3008,994,72,1,310.88
3009,994,91,2,227.19
3010,995,72,2,310.88
3011,996,39,3,187.34
3012,996,83,1,284.61
3013,996,73,1,474.1
3014,997,3,1,479.96
3015,997,28,3,315.85
3016,998,32,1,244.11
3017,998,21,4,287.87
3018,998,83,4,284.61
3019,998,27,4,388.74
3020,998,85,4,310.05
3021,999,4,2,194.26
3022,999,44,4,21.82
3023,1000,69,2,114.37
3024,1000,56,2,295.88
3025,1000,77,2,82.37
