order_id,customer_id,order_date,status
1,468,2026-01-21,Completed
2,289,2026-03-30,Processing
3,236,2025-12-25,Completed
4,385,2024-05-13,Completed
5,44,2024-08-19,Shipped
6,188,2023-09-11,Completed
7,309,2024-02-22,Completed
8,8,2023-11-21,Completed
9,330,2025-03-29,Completed
10,77,2026-03-15,Shipped
11,68,2023-12-26,Completed
12,69,2025-08-09,Completed
13,103,2023-10-09,Processing
14,305,2025-07-02,Completed
15,267,2026-03-27,Processing
16,237,2025-02-20,Completed
17,367,2023-10-30,Completed
18,9,2025-08-15,Completed
19,465,2023-10-14,Completed
20,338,2025-07-31,Shipped
21,260,2026-03-25,Completed
22,218,2022-10-10,Shipped
23,468,2025-12-26,Completed
24,441,2026-02-11,Completed
25,11,2025-02-03,Completed
26,461,2025-12-12,Completed
27,171,2025-12-22,Completed
28,171,2026-03-25,Completed
29,321,2026-03-03,Completed
30,14,2025-06-10,Completed
31,28,2025-04-13,Completed
32,118,2023-08-17,Completed
33,184,2024-07-31,Shipped
34,183,2025-10-16,Processing
35,436,2026-01-02,Completed
36,133,2026-01-25,Completed
37,347,2022-09-06,Shipped
38,137,2025-04-01,Cancelled
39,411,2023-10-20,Completed
40,346,2024-12-24,Completed
41,369,2025-11-18,Completed
42,196,2026-02-24,Completed
43,484,2022-08-05,Processing
44,82,2025-04-18,Completed
45,130,2025-12-10,Completed
46,218,2024-11-13,Completed
47,96,2025-03-03,Completed
48,235,2022-11-28,Completed
49,54,2025-06-09,Completed
50,75,2024-09-14,Completed
51,81,2025-05-15,Completed
52,409,2026-03-18,Completed
53,74,2026-02-16,Shipped
54,279,2026-04-08,Completed
55,142,2025-06-03,Completed
56,454,2025-09-06,Completed
57,406,2022-07-04,Processing
58,102,2026-03-02,Completed
59,309,2025-09-19,Completed
60,313,2025-08-11,Completed
61,163,2025-10-02,Processing
62,473,2026-04-13,Completed
63,408,2026-03-07,Processing
64,361,2026-03-14,Completed
65,410,2024-01-05,Completed
66,145,2025-03-22,Shipped
67,408,2026-01-19,Processing
68,263,2022-05-24,Completed
69,392,2023-09-18,Completed
70,167,2026-04-13,Shipped
71,421,2026-03-24,Shipped
72,279,2026-04-06,Shipped
73,85,2024-12-15,Completed
74,23,2024-02-18,Completed
75,326,2025-09-07,Completed
76,362,2025-12-23,Completed
77,79,2025-10-14,Completed
78,158,2024-04-09,Completed
79,493,2026-03-22,Completed
80,449,2025-12-13,Completed
81,94,2026-03-20,Completed
82,373,2023-05-19,Completed
83,9,2024-08-14,Shipped
84,219,2025-12-17,Completed
85,136,2025-09-28,Completed
86,457,2026-03-07,Completed
87,300,2026-02-16,Shipped
88,156,2025-02-01,Completed
89,269,2026-02-19,Completed
90,373,2025-12-14,Completed
91,77,2025-12-30,Processing
92,117,2026-02-13,Completed
93,261,2025-12-23,Completed
94,428,2025-06-21,Completed
95,263,2026-04-12,Completed
96,434,2025-10-18,Completed
97,377,2024-09-30,Shipped
98,214,2023-06-11,Completed
99,241,2025-12-20,Completed
100,80,2024-11-18,Completed
101,187,2025-08-28,Completed
102,275,2025-11-04,Completed
103,75,2023-08-30,Completed
104,32,2024-08-24,Processing
105,453,2025-11-14,Shipped
106,421,2025-11-03,Shipped
107,248,2024-11-28,Completed
108,279,2026-04-14,Completed
109,245,2025-12-24,Processing
110,451,2026-02-08,Completed
111,301,2024-07-14,Completed
112,103,2022-05-03,Processing
113,463,2026-02-15,Completed
114,233,2026-03-03,Shipped
115,229,2025-03-28,Completed
116,468,2025-09-04,Shipped
117,471,2025-08-12,Completed
118,126,2025-04-01,Completed
119,259,2025-02-26,Completed
120,366,2025-09-05,Completed
121,493,2025-09-13,Completed
122,411,2022-11-27,Completed
123,401,2025-04-12,Completed
124,52,2024-08-18,Completed
125,354,2026-03-23,Completed
126,8,2023-12-18,Processing
127,478,2025-10-17,Completed
128,35,2025-02-23,Completed
129,407,2025-09-19,Completed
130,489,2024-05-26,Completed
131,131,2026-01-28,Completed
132,108,2025-11-05,Completed
133,33,2025-03-23,Completed
134,98,2025-08-14,Shipped
135,272,2023-08-10,Shipped
136,357,2025-07-17,Completed
137,279,2026-04-04,Completed
138,463,2026-03-31,Cancelled
139,278,2024-03-29,Shipped
140,284,2024-12-26,Shipped
141,110,2025-12-14,Completed
142,224,2026-02-19,Completed
143,84,2025-06-07,Shipped
144,412,2022-07-09,Completed
145,469,2024-03-08,Completed
146,365,2025-11-22,Completed
147,142,2025-06-22,Processing
148,216,2025-07-01,Completed
149,32,2024-08-27,Processing
150,324,2025-11-27,Completed
151,379,2023-07-22,Completed
152,480,2022-10-03,Completed
153,225,2026-04-11,Completed
154,135,2024-05-03,Completed
155,26,2025-06-26,Shipped
156,437,2024-12-13,Completed
157,406,2022-03-15,Completed
158,51,2025-07-18,Completed
159,254,2025-03-03,Completed
160,68,2022-12-27,Processing
161,392,2024-12-19,Completed
162,360,2025-12-28,Cancelled
163,138,2026-01-15,Shipped
164,498,2024-01-17,Processing
165,26,2024-10-10,Completed
166,92,2025-05-20,Completed
167,144,2024-08-06,Completed
168,143,2024-04-09,Shipped
169,475,2024-05-22,Shipped
170,331,2022-11-29,Shipped
171,368,2026-03-31,Shipped
172,374,2024-02-10,Shipped
173,193,2025-06-20,Completed
174,346,2025-04-07,Completed
175,135,2023-03-19,Completed
176,42,2026-02-24,Completed
177,126,2025-10-20,Completed
178,269,2026-04-11,Completed
179,372,2026-04-12,Processing
180,460,2025-02-21,Completed
181,194,2025-10-12,Completed
182,120,2025-04-05,Completed
183,198,2023-03-18,Completed
184,373,2024-04-17,Completed
185,223,2024-10-10,Completed
186,416,2026-02-02,Completed
187,26,2024-09-20,Completed
188,189,2025-10-04,Completed
189,309,2026-02-07,Completed
190,383,2026-01-06,Completed
191,6,2024-11-23,Completed
192,420,2023-10-28,Completed
193,434,2025-11-10,Completed
194,139,2026-03-08,Shipped
195,148,2022-11-29,Completed
196,176,2024-04-09,Completed
197,458,2022-05-22,Shipped
198,311,2025-08-05,Processing
199,333,2024-09-13,Completed
200,50,2024-03-08,Shipped
201,68,2025-08-15,Completed
202,175,2026-03-04,Completed
203,454,2025-01-27,Completed
204,356,2024-01-28,Completed
205,38,2025-11-06,Shipped
206,104,2025-09-11,Completed
207,435,2025-06-16,Processing
208,325,2025-12-30,Completed
209,98,2025-12-17,Completed
210,447,2025-05-12,Completed
211,413,2022-07-22,Completed
212,358,2023-05-03,Cancelled
213,325,2025-02-17,Processing
214,380,2026-03-29,Shipped
215,408,2026-04-04,Completed
216,271,2024-05-04,Completed
217,487,2025-02-17,Completed
218,39,2025-06-27,Completed
219,404,2025-08-06,Completed
220,334,2026-03-11,Completed
221,342,2023-04-18,Completed
222,137,2026-02-26,Completed
223,383,2026-02-16,Processing
224,246,2024-06-21,Processing
225,179,2025-10-31,Shipped
226,77,2026-02-04,Cancelled
227,350,2023-05-07,Completed
228,240,2025-04-12,Shipped
229,311,2025-09-16,Completed
230,171,2026-03-17,Completed
231,342,2026-01-13,Completed
232,407,2025-02-28,Completed
233,240,2026-03-19,Completed
234,10,2024-04-26,Completed
235,222,2026-01-10,Completed
236,394,2024-10-31,Cancelled
237,48,2024-10-27,Completed
238,56,2026-04-05,Completed
239,33,2025-10-26,Completed
240,454,2026-03-04,Processing
241,302,2026-03-28,Shipped
242,336,2024-03-13,Completed
243,104,2025-03-09,Completed
244,97,2025-03-11,Cancelled
245,477,2026-01-19,Completed
246,253,2024-09-27,Completed
247,65,2025-01-24,Completed
248,96,2023-01-11,Completed
249,438,2024-02-29,Cancelled
250,139,2023-09-27,Cancelled
251,480,2024-01-08,Completed
252,176,2025-10-20,Completed
253,47,2025-04-15,Completed
254,90,2025-08-15,Completed
255,214,2022-06-17,Completed
256,62,2026-02-02,Shipped
257,470,2025-06-16,Completed
258,93,2026-04-16,Shipped
259,368,2026-03-21,Completed
260,49,2026-04-16,Processing
261,383,2025-10-05,Shipped
262,379,2022-11-15,Completed
263,187,2025-07-27,Completed
264,388,2025-07-12,Completed
265,240,2025-06-26,Completed
266,278,2025-08-14,Cancelled
267,87,2026-04-01,Completed
268,450,2025-09-16,Completed
269,72,2023-04-13,Completed
270,102,2025-09-08,Cancelled
271,247,2025-10-22,Shipped
272,171,2025-11-14,Processing
273,413,2026-03-29,Cancelled
274,272,2023-04-26,Processing
275,142,2025-12-01,Cancelled
276,37,2025-08-21,Completed
277,278,2025-07-13,Processing
278,11,2025-10-06,Completed
279,10,2025-02-24,Shipped
280,90,2026-01-30,Processing
281,374,2026-02-14,Completed
282,480,2024-04-07,Completed
283,322,2024-01-22,Completed
284,167,2026-04-03,Processing
285,236,2022-04-06,Completed
286,377,2024-01-25,Completed
287,65,2024-06-20,Completed
288,259,2026-01-24,Completed
289,123,2026-01-02,Completed
290,381,2023-04-30,Completed
291,274,2026-04-11,Processing
292,246,2021-11-14,Completed
293,287,2023-05-15,Shipped
294,288,2025-08-24,Completed
295,62,2025-07-26,Completed
296,328,2026-02-20,Shipped
297,137,2025-11-23,Completed
298,179,2023-01-23,Completed
299,288,2023-09-02,Completed
300,261,2024-08-03,Completed
301,12,2024-04-06,Completed
302,368,2026-04-12,Completed
303,198,2022-11-14,Shipped
304,138,2024-05-12,Shipped
305,288,2023-08-25,Completed
306,404,2025-02-09,Completed
307,13,2021-12-26,Completed
308,248,2025-10-08,Completed
309,171,2026-04-15,Completed
310,382,2022-04-15,Completed
311,288,2025-01-31,Completed
312,138,2024-06-17,Cancelled
313,208,2024-01-13,Completed
314,23,2023-06-07,Completed
315,206,2022-02-27,Completed
316,212,2025-10-22,Completed
317,361,2025-02-20,Completed
318,393,2025-10-08,Completed
319,19,2026-03-18,Completed
320,216,2026-01-25,Completed
321,69,2025-03-27,Completed
322,213,2022-08-21,Processing
323,197,2024-02-23,Completed
324,36,2025-05-09,Completed
325,24,2021-10-23,Completed
326,98,2026-04-12,Completed
327,244,2023-03-14,Shipped
328,123,2025-12-01,Completed
329,181,2026-04-03,Processing
330,447,2025-04-01,Completed
331,394,2025-06-26,Completed
332,138,2023-12-01,Completed
333,156,2024-10-27,Shipped
334,427,2026-04-08,Completed
335,450,2026-02-09,Completed
336,434,2024-09-12,Completed
337,113,2025-12-30,Processing
338,245,2023-08-08,Shipped
339,134,2025-01-08,Completed
340,396,2026-01-01,Completed
341,72,2025-11-13,Completed
342,13,2023-07-08,Completed
343,105,2025-01-27,Processing
344,498,2025-07-31,Completed
345,271,2024-04-18,Completed
346,175,2026-03-16,Shipped
347,182,2021-12-26,Completed
348,227,2024-12-13,Completed
349,6,2023-05-07,Completed
350,408,2026-02-27,Shipped
351,76,2026-02-27,Completed
352,124,2025-11-21,Completed
353,202,2025-01-29,Completed
354,147,2025-09-01,Shipped
355,236,2021-11-10,Completed
356,64,2024-05-02,Completed
357,27,2022-03-21,Completed
358,180,2025-11-22,Completed
359,46,2025-04-18,Completed
360,445,2025-12-25,Completed
361,189,2026-02-24,Processing
362,434,2024-10-15,Completed
363,370,2025-03-08,Completed
364,411,2025-10-18,Completed
365,38,2024-07-25,Completed
366,170,2025-12-30,Completed
367,286,2022-03-24,Completed
368,369,2025-12-20,Completed
369,57,2025-10-23,Completed
370,246,2024-02-15,Shipped
371,291,2025-12-22,Completed
372,259,2025-10-20,Completed
373,70,2025-12-25,Completed
374,73,2025-06-23,Processing
375,42,2026-02-15,Completed
376,158,2024-11-21,Completed
377,342,2023-11-30,Completed
378,437,2025-10-03,Completed
379,386,2025-10-19,Cancelled
380,475,2024-07-01,Completed
381,359,2026-01-06,Completed
382,392,2023-05-28,Completed
383,145,2024-04-27,Completed
384,492,2025-12-07,Shipped
385,57,2025-08-21,Completed
386,370,2024-12-17,Cancelled
387,31,2026-01-25,Completed
388,461,2025-12-01,Completed
389,282,2023-01-30,Completed
390,111,2026-02-23,Completed
391,482,2025-04-09,Completed
392,462,2023-07-19,Completed
393,28,2025-05-25,Completed
394,492,2025-03-29,Processing
395,206,2026-03-19,Completed
396,363,2024-11-29,Shipped
397,424,2023-04-14,Processing
398,99,2022-01-09,Shipped
399,135,2024-07-23,Completed
400,196,2026-02-20,Completed
401,384,2026-04-08,Completed
402,442,2024-07-24,Completed
403,232,2023-03-20,Completed
404,81,2024-10-13,Processing
405,36,2024-11-01,Completed
406,230,2025-05-08,Shipped
407,332,2025-12-24,Completed
408,130,2026-03-04,Completed
409,54,2025-11-02,Completed
410,458,2023-11-21,Completed
411,189,2026-03-30,Processing
412,305,2026-03-30,Completed
413,84,2026-04-12,Completed
414,109,2024-11-05,Shipped
415,35,2022-12-01,Shipped
416,500,2023-08-30,Completed
417,300,2026-03-21,Completed
418,278,2024-01-10,Completed
419,321,2025-09-22,Completed
420,433,2025-12-23,Completed
421,424,2024-12-24,Shipped
422,478,2025-01-29,Completed
423,160,2025-03-23,Cancelled
424,103,2025-10-31,Completed
425,218,2023-09-12,Completed
426,327,2025-06-04,Completed
427,419,2025-12-13,Completed
428,435,2025-05-26,Completed
429,234,2023-06-30,Completed
430,307,2025-05-27,Completed
431,443,2026-02-04,Completed
432,403,2026-02-18,Completed
433,19,2026-02-20,Shipped
434,264,2026-03-04,Completed
435,108,2025-08-18,Completed
436,429,2023-05-19,Completed
437,130,2025-10-08,Completed
438,123,2024-01-31,Completed
439,404,2024-12-19,Completed
440,26,2025-02-18,Completed
441,225,2026-04-12,Completed
442,99,2026-03-25,Completed
443,222,2024-04-11,Completed
444,80,2023-08-08,Completed
445,436,2025-01-20,Completed
446,278,2023-06-09,Completed
447,287,2023-06-18,Completed
448,212,2024-04-23,Completed
449,308,2026-04-05,Cancelled
450,324,2025-10-29,Completed
451,231,2025-08-20,Completed
452,18,2026-04-08,Completed
453,318,2025-11-10,Completed
454,456,2026-01-02,Completed
455,235,2023-12-04,Completed
456,120,2025-11-24,Completed
457,203,2026-03-24,Shipped
458,12,2024-09-13,Shipped
459,373,2022-02-27,Completed
460,95,2022-05-15,Cancelled
461,419,2025-09-30,Completed
462,120,2025-09-26,Completed
463,432,2026-02-17,Shipped
464,308,2025-12-29,Completed
465,465,2022-12-15,Completed
466,239,2024-09-15,Completed
467,159,2024-09-24,Shipped
468,480,2025-01-07,Completed
469,59,2026-03-16,Completed
470,426,2025-10-17,Shipped
471,175,2026-03-04,Completed
472,108,2025-10-02,Completed
473,469,2022-11-17,Completed
474,148,2022-09-10,Completed
475,82,2025-12-23,Completed
476,375,2025-05-03,Completed
477,376,2025-04-26,Completed
478,85,2025-01-13,Completed
479,212,2025-12-05,Completed
480,314,2024-05-28,Completed
481,57,2026-01-07,Completed
482,152,2022-12-01,Completed
483,143,2025-03-10,Completed
484,221,2024-01-20,Completed
485,204,2024-09-19,Shipped
486,28,2025-03-23,Completed
487,199,2023-12-24,Shipped
488,278,2024-10-18,Completed
489,186,2026-03-21,Shipped
490,290,2023-08-12,Completed
491,45,2026-02-27,Completed
492,328,2024-05-06,Completed
493,165,2026-02-27,Completed
494,340,2025-12-31,Completed
495,472,2025-08-14,Completed
496,285,2024-10-07,Completed
497,456,2022-08-30,Completed
498,200,2024-12-30,Completed
499,132,2025-08-06,Completed
500,42,2025-09-13,Shipped
501,30,2026-03-18,Processing
502,221,2025-10-31,Shipped
503,90,2022-06-29,Completed
504,454,2025-01-04,Completed
505,352,2024-02-05,Processing
506,248,2025-01-21,Shipped
507,140,2024-05-29,Completed
508,191,2026-02-12,Shipped
509,224,2025-12-04,Completed
510,39,2025-10-26,Completed
511,90,2024-07-18,Cancelled
512,300,2025-12-20,Processing
513,246,2022-04-09,Shipped
514,318,2025-09-04,Completed
515,10,2025-09-13,Shipped
516,139,2023-03-30,Processing
517,2,2025-05-22,Completed
518,289,2025-07-30,Completed
519,408,2026-02-24,Completed
520,194,2025-10-30,Completed
521,401,2025-05-24,Completed
522,72,2025-09-03,Completed
523,449,2022-04-05,Completed
524,84,2024-07-03,Completed
525,103,2024-12-26,Shipped
526,13,2022-09-26,Shipped
527,487,2025-02-01,Completed
528,335,2026-03-23,Completed
529,406,2025-12-04,Cancelled
530,71,2025-08-15,Completed
531,176,2024-02-20,Completed
532,139,2026-02-14,Processing
533,56,2026-03-29,Completed
534,132,2023-07-27,Completed
535,282,2024-05-29,Shipped
536,62,2026-01-31,Cancelled
537,53,2024-08-13,Completed
538,241,2026-02-25,Completed
539,167,2026-04-16,Completed
540,70,2026-01-15,Processing
541,226,2025-01-25,Completed
542,4,2021-05-30,Completed
543,476,2025-08-17,Completed
544,33,2025-12-01,Shipped
545,44,2024-06-30,Completed
546,348,2026-04-02,Shipped
547,442,2023-04-13,Completed
548,213,2024-08-17,Processing
549,151,2025-08-14,Shipped
550,43,2024-05-10,Completed
551,142,2025-07-05,Completed
552,440,2025-01-31,Completed
553,196,2026-02-22,Completed
554,438,2025-01-12,Completed
555,256,2023-04-24,Completed
556,461,2025-09-26,Completed
557,249,2025-03-12,Completed
558,477,2025-05-17,Shipped
559,68,2022-11-04,Completed
560,48,2024-03-21,Processing
561,58,2024-05-22,Processing
562,275,2024-10-31,Completed
563,459,2022-06-03,Completed
564,61,2025-06-03,Completed
565,389,2025-06-05,Completed
566,459,2022-09-15,Shipped
567,377,2025-10-15,Completed
568,441,2022-08-25,Completed
569,195,2025-10-15,Completed
570,92,2026-04-06,Completed
571,341,2026-02-04,Completed
572,448,2024-11-11,Completed
573,228,2023-10-22,Completed
574,190,2021-12-14,Processing
575,204,2023-02-18,Completed
576,68,2024-11-20,Completed
577,308,2026-01-17,Cancelled
578,354,2026-04-14,Completed
579,162,2024-12-23,Cancelled
580,314,2025-09-08,Completed
581,62,2025-10-28,Processing
582,151,2025-03-15,Shipped
583,474,2024-11-08,Completed
584,182,2021-11-07,Processing
585,392,2025-11-07,Completed
586,44,2021-11-08,Shipped
587,74,2026-01-28,Completed
588,428,2024-02-04,Completed
589,16,2025-01-24,Completed
590,145,2024-05-17,Completed
591,249,2022-04-18,Shipped
592,257,2024-06-22,Shipped
593,488,2026-01-25,Shipped
594,106,2021-12-14,Completed
595,377,2025-11-26,Shipped
596,140,2024-12-06,Completed
597,241,2025-11-15,Shipped
598,112,2025-03-04,Cancelled
599,44,2024-09-02,Completed
600,233,2024-12-08,Completed
601,360,2025-03-22,Completed
602,131,2025-08-01,Completed
603,412,2022-04-21,Completed
604,175,2026-03-09,Completed
605,99,2023-03-03,Shipped
606,286,2025-06-16,Completed
607,277,2025-09-17,Shipped
608,386,2026-03-01,Completed
609,470,2025-11-12,Cancelled
610,491,2025-11-20,Completed
611,70,2026-02-20,Cancelled
612,369,2025-07-21,Completed
613,397,2023-06-22,Cancelled
614,2,2024-10-30,Completed
615,222,2025-04-11,Completed
616,439,2026-02-06,Completed
617,361,2023-10-14,Shipped
618,53,2025-11-05,Completed
619,251,2026-04-05,Completed
620,413,2023-05-05,Completed
621,16,2025-09-18,Completed
622,144,2024-12-20,Shipped
623,255,2026-04-12,Completed
624,45,2026-03-21,Completed
625,95,2025-08-22,Shipped
626,24,2023-05-18,Completed
627,79,2024-12-31,Completed
628,32,2025-09-23,Completed
629,314,2025-10-22,Completed
630,28,2025-02-18,Completed
631,476,2024-10-01,Completed
632,100,2025-01-13,Completed
633,163,2026-01-17,Processing
634,276,2025-09-12,Completed
635,4,2021-09-18,Completed
636,217,2025-09-01,Completed
637,81,2025-01-17,Completed
638,92,2024-12-25,Completed
639,476,2025-01-27,Shipped
640,2,2021-08-04,Completed
641,97,2026-03-18,Completed
642,487,2025-04-07,Completed
643,225,2026-04-06,Shipped
644,482,2025-02-01,Completed
645,351,2026-04-16,Completed
646,262,2023-03-15,Completed
647,448,2026-01-24,Shipped
648,206,2022-02-22,Completed
649,148,2023-02-22,Completed
650,413,2022-08-01,Completed
651,386,2026-01-21,Completed
652,94,2026-03-26,Shipped
653,404,2025-07-04,Completed
654,147,2025-03-22,Completed
655,277,2026-03-24,Completed
656,136,2023-08-08,Completed
657,382,2024-06-18,Completed
658,125,2026-02-16,Shipped
659,385,2025-05-14,Processing
660,359,2025-05-25,Shipped
661,187,2025-05-15,Cancelled
662,441,2025-10-03,Completed
663,219,2024-11-03,Completed
664,225,2026-04-15,Completed
665,221,2023-12-25,Completed
666,335,2025-04-03,Completed
667,163,2025-06-04,Completed
668,455,2026-04-16,Shipped
669,463,2025-12-06,Completed
670,260,2025-12-06,Cancelled
671,150,2023-06-14,Completed
672,329,2026-03-03,Shipped
673,129,2026-03-31,Completed
674,450,2025-10-06,Completed
675,296,2022-06-01,Shipped
676,208,2023-08-29,Completed
677,361,2023-04-03,Completed
678,483,2024-06-28,Shipped
679,252,2025-08-30,Shipped
680,27,2023-04-16,Shipped
681,304,2023-09-17,Completed
682,417,2025-09-11,Completed
683,18,2026-01-28,Completed
684,211,2025-12-25,Processing
685,305,2025-06-01,Completed
686,171,2026-02-18,Shipped
687,337,2025-11-07,Processing
688,148,2025-03-24,Shipped
689,29,2025-04-11,Completed
690,462,2023-11-15,Completed
691,406,2025-09-18,Completed
692,449,2024-01-20,Completed
693,322,2024-11-24,Completed
694,146,2025-07-14,Shipped
695,133,2024-04-01,Completed
696,130,2025-07-23,Completed
697,292,2026-02-23,Completed
698,499,2025-09-26,Completed
699,350,2022-10-23,Completed
700,84,2025-11-24,Completed
701,367,2024-03-24,Shipped
702,76,2026-04-12,Processing
703,310,2023-12-23,Completed
704,285,2024-05-01,Shipped
705,337,2025-08-28,Completed
706,83,2021-11-03,Completed
707,141,2024-05-14,Completed
708,274,2025-10-16,Completed
709,417,2025-10-29,Completed
710,143,2025-04-20,Completed
711,331,2025-01-29,Completed
712,25,2024-11-10,Processing
713,110,2026-03-18,Completed
714,102,2026-01-09,Completed
715,130,2026-03-18,Completed
716,317,2023-06-23,Cancelled
717,213,2024-12-16,Completed
718,379,2023-09-28,Shipped
719,498,2026-02-08,Completed
720,287,2026-01-30,Completed
721,140,2025-09-22,Completed
722,14,2025-04-14,Cancelled
723,8,2021-09-24,Cancelled
724,56,2026-01-27,Completed
725,168,2023-10-20,Completed
726,222,2025-08-15,Completed
727,67,2024-06-20,Completed
728,437,2025-07-12,Completed
729,146,2026-01-16,Cancelled
730,277,2025-10-02,Completed
731,78,2025-09-23,Completed
732,222,2024-09-18,Completed
733,85,2023-11-24,Completed
734,81,2025-10-11,Completed
735,390,2024-11-14,Completed
736,218,2024-11-11,Completed
737,330,2023-08-23,Completed
738,91,2024-09-10,Completed
739,314,2024-10-12,Completed
740,265,2024-12-24,Processing
741,1,2025-05-05,Completed
742,354,2026-03-12,Completed
743,223,2025-06-18,Completed
744,294,2026-03-08,Processing
745,27,2023-04-03,Completed
746,101,2025-04-17,Processing
747,6,2025-12-17,Completed
748,402,2026-02-02,Completed
749,459,2026-02-18,Completed
750,222,2024-09-14,Completed
751,483,2025-02-19,Completed
752,68,2022-04-06,Completed
753,302,2026-04-09,Completed
754,214,2023-03-16,Completed
755,23,2024-03-28,Cancelled
756,174,2025-10-14,Shipped
757,212,2024-05-09,Shipped
758,61,2025-06-01,Completed
759,443,2026-03-10,Shipped
760,347,2022-08-20,Shipped
761,128,2025-07-29,Completed
762,276,2025-10-31,Processing
763,136,2023-11-10,Completed
764,77,2025-11-08,Completed
765,479,2023-01-17,Completed
766,388,2026-03-25,Completed
767,43,2024-03-05,Completed
768,65,2024-07-13,Completed
769,209,2024-07-25,Completed
770,323,2024-04-14,Completed
771,416,2025-10-23,Shipped
772,202,2025-07-29,Shipped
773,142,2026-04-04,Completed
774,199,2023-03-12,Processing
775,43,2025-02-25,Completed
776,497,2023-10-22,Completed
777,136,2024-11-21,Processing
778,337,2023-09-12,Completed
779,471,2025-03-26,Completed
780,130,2026-02-05,Completed
781,383,2025-11-13,Cancelled
782,243,2026-01-24,Cancelled
783,408,2026-03-10,Completed
784,424,2024-02-15,Completed
785,281,2024-05-25,Completed
786,122,2025-07-11,Completed
787,380,2025-08-10,Shipped
788,330,2023-07-01,Completed
789,266,2025-12-26,Completed
790,443,2026-04-02,Completed
791,96,2026-03-09,Completed
792,273,2026-03-03,Processing
793,232,2023-03-22,Completed
794,396,2023-11-21,Completed
795,294,2026-03-28,Processing
796,151,2025-03-02,Cancelled
797,387,2025-01-24,Completed
798,174,2024-07-24,Completed
799,108,2025-12-17,Completed
800,157,2025-11-24,Completed
801,438,2022-08-08,Processing
802,439,2026-03-28,Completed
803,169,2026-01-01,Completed
804,204,2024-11-22,Completed
805,250,2023-08-08,Completed
806,100,2024-01-02,Completed
807,385,2022-12-11,Completed
808,162,2025-03-28,Cancelled
809,441,2022-07-19,Processing
810,166,2025-02-12,Completed
811,372,2026-03-26,Completed
812,71,2024-12-08,Completed
813,143,2024-02-23,Cancelled
814,456,2024-09-01,Shipped
815,118,2024-08-03,Completed
816,166,2025-01-05,Shipped
817,311,2026-03-20,Processing
818,269,2026-02-09,Shipped
819,95,2025-03-12,Completed
820,421,2025-01-23,Completed
821,417,2026-01-24,Completed
822,41,2025-12-18,Completed
823,91,2026-02-18,Completed
824,177,2025-04-23,Shipped
825,21,2026-04-14,Completed
826,266,2025-12-30,Completed
827,416,2026-03-29,Completed
828,62,2025-10-18,Completed
829,282,2024-03-18,Completed
830,113,2026-02-28,Completed
831,227,2025-03-16,Completed
832,495,2025-07-05,Processing
833,280,2026-04-12,Completed
834,141,2026-03-11,Completed
835,464,2023-12-25,Processing
836,431,2025-05-20,Completed
837,354,2026-02-10,Completed
838,38,2024-04-17,Shipped
839,61,2025-05-31,Completed
840,427,2024-11-18,Completed
841,198,2024-01-01,Completed
842,25,2025-05-27,Completed
843,20,2025-10-26,Completed
844,358,2026-03-16,Completed
845,500,2023-04-02,Completed
846,374,2024-11-28,Completed
847,71,2024-02-27,Completed
848,254,2025-06-28,Completed
849,99,2024-10-03,Completed
850,9,2024-02-24,Cancelled
851,42,2025-09-11,Completed
852,375,2025-03-13,Completed
853,248,2025-05-04,Completed
854,187,2025-04-06,Completed
855,472,2026-03-27,Completed
856,362,2025-05-23,Completed
857,413,2023-12-03,Completed
858,334,2026-03-20,Shipped
859,39,2025-01-31,Completed
860,48,2025-08-29,Completed
861,321,2025-09-11,Processing
862,39,2026-01-20,Completed
863,470,2025-06-24,Completed
864,25,2025-10-09,Completed
865,317,2024-02-02,Processing
866,423,2026-02-28,Completed
867,6,2025-04-18,Completed
868,103,2023-02-05,Completed
869,243,2026-02-26,Completed
870,114,2023-08-23,Processing
871,123,2026-03-28,Completed
872,410,2025-01-29,Completed
873,118,2024-08-03,Completed
874,145,2025-11-19,Completed
875,412,2024-12-07,Completed
876,121,2025-09-20,Completed
877,304,2023-09-13,Shipped
878,219,2025-04-20,Completed
879,34,2025-12-31,Completed
880,147,2024-02-28,Cancelled
881,24,2023-11-14,Completed
882,162,2025-02-03,Completed
883,418,2025-10-09,Completed
884,269,2026-01-30,Completed
885,109,2024-09-25,Processing
886,406,2022-07-14,Completed
887,58,2024-03-10,Completed
888,380,2026-01-11,Processing
889,254,2025-11-28,Completed
890,431,2025-01-04,Completed
891,57,2025-10-09,Completed
892,260,2025-12-16,Completed
893,21,2026-02-07,Completed
894,52,2022-08-17,Completed
895,288,2024-02-10,Completed
896,391,2026-04-02,Processing
897,255,2024-02-04,Shipped
898,43,2026-04-03,Shipped
899,470,2026-03-31,Processing
900,173,2026-03-16,Completed
901,342,2022-06-18,Processing
902,6,2025-12-25,Completed
903,118,2024-01-18,Shipped
904,183,2025-12-13,Completed
905,395,2025-11-16,Completed
906,430,2025-09-21,Completed
907,407,2025-05-03,Completed
908,486,2026-03-31,Completed
909,232,2022-05-08,Completed
910,378,2025-02-16,Shipped
911,185,2025-03-27,Completed
912,364,2025-04-28,Completed
913,399,2025-03-31,Processing
914,88,2025-10-27,Completed
915,437,2024-12-04,Shipped
916,298,2023-12-18,Completed
917,336,2024-04-27,Completed
918,81,2024-07-30,Completed
919,306,2025-08-31,Completed
920,477,2025-08-26,Completed
921,160,2025-12-16,Completed
922,176,2024-10-26,Completed
923,219,2025-04-21,Completed
924,196,2026-02-10,Completed
925,133,2023-12-24,Completed
926,94,2026-03-21,Processing
927,282,2025-03-02,Completed
928,399,2023-09-25,Completed
929,11,2024-11-11,Completed
930,257,2025-12-31,Cancelled
931,480,2023-06-28,Shipped
932,125,2026-03-04,Completed
933,402,2026-04-04,Completed
934,46,2026-04-15,Completed
935,111,2025-12-10,Shipped
936,123,2025-01-24,Completed
937,249,2026-02-09,Completed
938,462,2025-10-22,Completed
939,196,2026-03-13,Shipped
940,458,2026-02-03,Completed
941,114,2025-11-01,Completed
942,279,2026-04-09,Completed
943,43,2025-01-31,Completed
944,204,2023-02-13,Completed
945,286,2025-06-10,Processing
946,169,2026-02-01,Completed
947,129,2026-03-25,Shipped
948,428,2023-09-26,Shipped
949,372,2026-04-07,Completed
950,241,2026-02-23,Completed
951,434,2025-06-28,Completed
952,153,2026-03-03,Completed
953,65,2025-06-16,Completed
954,491,2025-01-05,Completed
955,191,2026-04-14,Shipped
956,190,2022-12-31,Shipped
957,265,2024-12-09,Shipped
958,154,2025-06-13,Completed
959,491,2025-02-02,Completed
960,49,2026-04-16,Completed
961,223,2023-11-02,Completed
962,436,2025-12-03,Completed
963,273,2026-01-22,Completed
964,332,2025-07-14,Completed
965,115,2026-02-24,Completed
966,172,2026-03-14,Completed
967,180,2025-12-02,Shipped
968,495,2025-12-28,Shipped
969,423,2026-01-11,Shipped
970,198,2024-06-04,Completed
971,415,2025-07-19,Shipped
972,74,2026-04-09,Completed
973,120,2025-01-21,Completed
974,71,2025-11-26,Shipped
975,472,2025-01-06,Completed
976,294,2025-12-20,Processing
977,412,2023-10-14,Processing
978,288,2024-08-03,Completed
979,376,2026-01-10,Processing
980,266,2026-02-02,Processing
981,461,2025-10-22,Completed
982,12,2023-04-11,Completed
983,426,2025-04-02,Shipped
984,263,2024-06-24,Completed
985,316,2023-04-10,Processing
986,6,2025-05-12,Completed
987,367,2024-07-05,Completed
988,139,2025-01-24,Completed
989,368,2026-02-09,Completed
990,180,2025-09-03,Completed
991,404,2025-10-23,Completed
992,109,2025-12-01,Shipped
993,257,2025-11-07,Shipped
994,468,2025-11-06,Completed
995,236,2023-07-31,Processing
996,202,2024-05-04,Shipped
997,337,2023-05-05,Completed
998,172,2025-12-20,Processing
999,366,2026-02-14,Completed
1000,385,2025-12-15,Completed
