product_id,name,category,price
1,Function-based demand-driven application,Clothing,341.27
2,Function-based zero-defect architecture,Toys,119.71
3,Proactive full-range help-desk,Books,479.96
4,Horizontal actuating service-desk,Toys,194.26
5,Horizontal web-enabled approach,Electronics,197.87
6,Universal interactive hierarchy,Books,196.57
7,Fundamental regional system engine,Home & Kitchen,480.03
8,Fundamental discrete knowledgebase,Toys,291.43
9,Reduced encompassing neural-net,Clothing,58.75
10,Re-contextualized tertiary customer loyalty,Toys,140.15
11,Ameliorated mobile instruction set,Books,128.21
12,Balanced directional software,Home & Kitchen,477.56
13,Switchable zero-defect leverage,Clothing,424.42
14,Secured context-sensitive matrix,Books,343.34
15,Balanced bandwidth-monitored functionalities,Home & Kitchen,53.9
16,Operative bottom-line capability,Toys,454.47
17,Centralized optimal ability,Clothing,425.88
18,Profit-focused 3rdgeneration time-frame,Electronics,250.54
19,Mandatory zero tolerance framework,Electronics,402.89
20,Future-proofed exuding conglomeration,Clothing,302.33
21,Digitized client-server focus group,Clothing,287.87
22,Organic logistical benchmark,Home & Kitchen,48.79
23,Intuitive stable circuit,Clothing,32.52
24,Synergized explicit hardware,Electronics,34.73
25,Profit-focused intangible conglomeration,Sports,366.6
26,Triple-buffered real-time hardware,Sports,438.17
27,Intuitive full-range application,Electronics,388.74
28,Cross-platform user-facing open architecture,Home & Kitchen,315.85
29,Cloned client-driven frame,Sports,305.3
30,Open-architected encompassing moratorium,Home & Kitchen,242.62
31,Right-sized 24hour knowledge user,Sports,314.73
32,Up-sized multi-tasking portal,Books,244.11
33,Ergonomic fresh-thinking strategy,Toys,62.63
34,Expanded optimal projection,Home & Kitchen,146.82
35,Compatible regional concept,Clothing,144.6
36,Adaptive holistic artificial intelligence,Sports,112.6
37,Managed systematic function,Books,167.33
38,User-centric uniform Graphic Interface,Electronics,49.02
39,Proactive regional monitoring,Electronics,187.34
40,Universal clear-thinking challenge,Clothing,465.16
41,Extended asynchronous approach,Books,122.45
42,Configurable background throughput,Toys,81.98
43,Grass-roots client-driven architecture,Toys,446.64
44,Fundamental real-time workforce,Sports,21.82
45,Business-focused systematic synergy,Home & Kitchen,324.19
46,Persevering optimizing intranet,Clothing,98.83
47,Total next generation instruction set,Sports,206.98
48,Self-enabling clear-thinking neural-net,Clothing,415.18
49,Balanced global Local Area Network,Electronics,193.89
50,Enhanced maximized functionalities,Electronics,243.34
51,Networked explicit hardware,Electronics,436.43
52,Decentralized composite pricing structure,Electronics,340.83
53,Cloned fresh-thinking open system,Sports,298.35
54,Realigned impactful Local Area Network,Books,341.99
55,Advanced scalable encryption,Clothing,405.59
56,Switchable bi-directional hardware,Electronics,295.88
57,Ergonomic regional budgetary management,Sports,446.72
58,Secured asynchronous support,Electronics,425.26
59,Progressive even-keeled application,Electronics,453.63
60,Stand-alone web-enabled framework,Toys,210.31
61,Distributed directional hierarchy,Electronics,214.17
62,Seamless global approach,Home & Kitchen,215.7
63,Reactive discrete knowledgebase,Books,163.78
64,Multi-tiered background archive,Electronics,79.12
65,Operative client-driven system engine,Books,392.05
66,Operative reciprocal collaboration,Clothing,244.34
67,Integrated empowering help-desk,Clothing,276.75
68,Re-contextualized user-facing ability,Electronics,169.52
69,Integrated multi-tasking help-desk,Clothing,114.37
70,Stand-alone 4thgeneration database,Electronics,439.46
71,Right-sized disintermediate help-desk,Books,250.35
72,Face-to-face tertiary hardware,Home & Kitchen,310.88
73,Upgradable demand-driven complexity,Electronics,474.1
74,Self-enabling systematic software,Clothing,179.75
75,Distributed interactive matrices,Electronics,120.94
76,Upgradable zero tolerance help-desk,Home & Kitchen,334.46
77,Multi-tiered executive forecast,Sports,82.37
78,De-engineered leadingedge synergy,Sports,68.42
79,Robust solution-oriented definition,Clothing,265.84
80,Virtual incremental productivity,Electronics,38.87
81,Enhanced tangible moderator,Books,135.75
82,Future-proofed holistic workforce,Sports,43.63
83,Centralized background focus group,Home & Kitchen,284.61
84,Digitized explicit initiative,Sports,153.73
85,Programmable uniform infrastructure,Home & Kitchen,310.05
86,Focused grid-enabled throughput,Electronics,432.01
87,Universal uniform contingency,Books,264.83
88,Self-enabling reciprocal data-warehouse,Books,253.31
89,Virtual actuating throughput,Sports,249.17
90,Business-focused neutral algorithm,Clothing,164.21
91,Multi-layered grid-enabled matrices,Sports,227.19
92,Configurable maximized portal,Electronics,455.46
93,Automated neutral middleware,Home & Kitchen,258.69
94,Open-architected motivating implementation,Books,60.39
95,Managed neutral archive,Electronics,423.64
96,Streamlined leadingedge contingency,Clothing,349.93
97,Horizontal bandwidth-monitored budgetary management,Toys,77.73
98,Distributed local encryption,Sports,223.42
99,Self-enabling directional artificial intelligence,Books,273.19
100,Multi-tiered eco-centric toolset,Electronics,380.07
