customer_id,name,city,signup_date
1,Anna Hickman,Loganfurt,2025-03-09
2,Donald Jackson,New Tabitha,2021-06-26
3,Suzanne Moran,Vincentland,2023-01-15
4,Claudia Rose,Rachelburgh,2021-05-02
5,Michael Martinez,East Coreyside,2025-09-23
6,Kyle Shepard,West Debra,2023-02-15
7,Alexis Lopez,Lake Scottchester,2025-10-25
8,Phillip Clark,Lake Allen,2021-09-15
9,Michael Hayes,Raymondfurt,2021-09-14
10,Ryan Scott,New Jeffrey,2021-12-01
11,Andrea Diaz,North Christinechester,2024-09-05
12,Paul Thompson,Alexanderborough,2023-03-30
13,Brent Rice,Stevenview,2021-08-23
14,Gavin Mitchell,West Paulmouth,2024-11-17
15,Dr. Bryce Gonzalez DDS,Househaven,2021-11-16
16,Johnathan Lewis,Keithville,2023-09-08
17,Megan Long,Sarahbury,2025-10-17
18,Adrienne Castaneda,Torreshaven,2026-01-17
19,Jason Rodriguez,Lake Adamshire,2025-09-08
20,Brittany Holloway,North Ralph,2024-11-11
21,Sarah Lopez,New David,2025-11-09
22,Phillip Simpson,Thomashaven,2021-12-07
23,Crystal Robertson,Garystad,2022-05-14
24,Sandra Campbell,New Samuel,2021-07-10
25,Angela Hunt,Lake Michael,2024-01-13
26,Jacqueline Dixon,Julieville,2024-07-28
27,Michael Johnson,Stephaniebury,2021-06-11
28,Donna Hull,New Austinberg,2025-01-03
29,James Carter,Shahtown,2024-10-07
30,Richard Hernandez,Port Shellyland,2026-02-23
31,Gary Garrett,South Christopher,2024-04-10
32,Allison Stewart,Garciastad,2024-07-01
33,Meghan Rogers,Lake Heidifort,2024-04-12
34,Tyrone Dunn,Smithchester,2025-10-13
35,Lynn Richardson,East Donna,2021-10-28
36,Ann Hill,South Christinestad,2024-08-31
37,Jeremy Watts,Lake Cheryl,2025-07-04
38,Andrew Crawford,West Ralph,2023-11-10
39,Emily Murray,East Robert,2024-06-13
40,Nicholas Mcdonald,Port Sharonport,2025-06-13
41,Pamela Smith,South Tammyburgh,2024-12-08
42,Cory Spencer,Chapmanville,2025-07-02
43,Justin Cook,Shawnhaven,2023-10-10
44,Lisa Vargas,South Sharonmouth,2021-05-19
45,Steven Sanders,West Christophertown,2025-01-21
46,Charles Arias,South Richard,2024-09-04
47,Katherine Martin,Rachaelberg,2021-09-16
48,Peter Esparza,Boonemouth,2023-09-17
49,Cassandra Robinson,Stewarttown,2026-04-03
50,Katherine Jordan,South Michelle,2023-05-30
51,Nathan Garcia,East Tiffanyshire,2024-04-10
52,Robert Hobbs,Petersonview,2022-07-05
53,Christopher Blair,Cartermouth,2024-01-27
54,Eric Bautista,Amberchester,2023-08-27
55,Nicole Davis,Owensside,2022-02-19
56,Christopher Jackson,Jordanside,2025-11-16
57,Julie Leonard,Masonfort,2025-08-19
58,Benjamin Morales,Kathryntown,2022-04-17
59,Julia Parsons,Whiteville,2024-08-30
60,Angela Johnston,Port Melissa,2022-03-24
61,Harold Jones,Meganbury,2025-04-08
62,Sierra Williams,Kerrburgh,2025-04-16
63,Mary Lee,Fostermouth,2022-09-07
64,Greg Miranda,New Danatown,2024-03-02
65,Mrs. Ashley Brown,South James,2024-04-03
66,Linda Chen,East Jenna,2024-05-24
67,Stephanie Anderson,Ericside,2024-04-15
68,Sergio Price,Mooreside,2022-03-09
69,Diana Campbell,Lake Sarahborough,2024-06-18
70,Jonathan Nelson,Christophermouth,2025-12-19
71,Michelle Costa,Lisachester,2023-12-25
72,Roberto Bernard,West Lisaport,2022-08-20
73,Matthew Phillips,Paulafurt,2022-06-16
74,Blake Porter,New Marilynmouth,2026-01-26
75,Emily Romero,Rogerston,2021-06-25
76,Joseph Hill,New Jennifer,2025-11-17
77,Brian Jackson,Zacharyland,2025-11-06
78,Erica Hayden,East Shannonmouth,2021-07-31
79,Jeffery Norris,North Cody,2024-10-12
80,Shawn Henry,New Russell,2022-09-18
81,Tina Flowers,South Jamesfort,2023-08-22
82,Nicole Lynch,Sarahfort,2025-04-09
83,Karen Meyers,East Brittanyborough,2021-10-07
84,Sarah Hamilton,Bellmouth,2023-02-08
85,Jay Pena,Port Jamesbury,2022-10-08
86,Crystal Young,North Juan,2024-09-20
87,Charles Campbell,North Nicholas,2026-02-27
88,Julia Kemp,Port Alicia,2024-12-29
89,Nicholas Garza,Lake Michael,2026-03-30
90,Sean Shaw,New Tristan,2022-06-26
91,Tanner English,South Tabitha,2023-08-01
92,April Brown,Port Christine,2023-07-08
93,Dorothy Jones,Juantown,2025-10-18
94,Kirk Williams,Hernandezview,2026-03-07
95,Nancy Buckley,New Dwayne,2021-08-04
96,Debbie Smith,New Jenniferfort,2022-06-01
97,Ryan Burnett,Marymouth,2022-10-11
98,Caitlin Lee,Aliceburgh,2025-06-11
99,Mark Duran,New Samuel,2021-12-27
100,Casey Stevens,Jeromefort,2022-01-08
101,Mr. Jorge Mcpherson DVM,Pattersonland,2023-08-20
102,William Perez,Port Jeffrey,2024-02-07
103,Anthony Munoz,Mitchellstad,2022-01-27
104,Zachary Petersen,East Daniel,2024-09-06
105,Christina Johnston,Port Patrick,2021-08-07
106,Richard Bennett,Griffinside,2021-11-15
107,Stephanie Burnett,East Markborough,2023-06-10
108,John Smith,West Michelle,2025-06-12
109,Marissa Ball,North Jose,2022-08-10
110,Abigail Williams,Jasonfort,2025-09-06
111,Mr. Michael Powell,Ortizmouth,2025-07-06
112,Alexander Randall,North Casey,2024-05-07
113,James Velasquez,Jamiebury,2025-10-10
114,James Wade,Parkermouth,2022-02-15
115,Dr. Zachary Smith,West Teresachester,2025-12-29
116,Alicia Hubbard,Port Francisco,2022-03-19
117,Kyle Ford,Markmouth,2022-11-15
118,Susan Thomas,North Keithtown,2021-09-04
119,Melissa Oconnor,Kellyfort,2022-09-15
120,Brian Roberts,Brittanybury,2023-12-21
121,Glenn Campbell,South Anthonyborough,2024-01-02
122,William Green,Port Paulahaven,2022-08-06
123,Joy Cox,Port Jeanberg,2023-07-20
124,Justin Delacruz,West Johnmouth,2025-09-22
125,Christopher Diaz,Leeville,2025-10-28
126,Jade Kelly,Petersonberg,2025-02-24
127,Nancy Barnes,Williambury,2023-01-05
128,Devin Flores,Gardnermouth,2024-06-22
129,Katherine Vargas,New Justin,2026-03-23
130,Jerry Weaver,New Karenborough,2025-07-05
131,Christopher Flores,Coffeyside,2025-07-14
132,Kathryn Roberts,North Kimberlychester,2023-05-03
133,Sharon Boone,Mirandahaven,2022-10-04
134,Angela Jones,Port Alexander,2024-08-30
135,Sarah Carroll,Michaelfurt,2022-05-03
136,Vicki Le,North Matthewview,2022-12-20
137,Robert Benitez,Valenciaview,2024-12-23
138,Michael Brooks,South Alexanderside,2023-02-12
139,Robert Adams,Stanleystad,2021-06-04
140,Sharon Wells,South Lindaberg,2024-03-23
141,Victor Terry,Sarahfort,2023-11-19
142,Jennifer Hamilton,Matthewberg,2024-12-08
143,Mary Martinez DVM,Kennethmouth,2024-01-24
144,Caroline Raymond,Dustinton,2021-10-23
145,Cynthia Haney,West Donnabury,2023-07-28
146,Andrew Ball,Heatherhaven,2024-11-16
147,Kayla Tanner,Pattersonshire,2022-10-19
148,Patricia Hernandez,South Ambermouth,2021-05-28
149,Maurice Payne,Andersonton,2024-07-19
150,Daniel Chavez,Tomside,2022-11-14
151,Tracy Turner,Martinchester,2025-02-12
152,Erik Matthews,Ashleyfort,2022-09-28
153,Daniel Walton,Mcconnellchester,2026-02-17
154,Jeffrey Nichols,Adamsshire,2025-01-21
155,Erin Rice,Lake Sarah,2024-06-09
156,Michael Carpenter,Smithberg,2024-02-15
157,Cynthia Marshall,Ericbury,2025-11-23
158,Aaron Reid,Skinnertown,2021-04-29
159,Andrea Rose,Troyshire,2024-08-30
160,Tom Cannon,North Oliviaborough,2022-10-30
161,Joseph Hooper,New Lisaton,2022-04-22
162,Christopher Yoder,Port Aaronville,2024-01-21
163,Bonnie Pacheco,Lake Mark,2025-06-03
164,Wesley Anderson,East Michaelmouth,2024-10-02
165,Christian Olson,Port Benjamin,2025-12-07
166,Ricardo Day,Grantstad,2023-04-20
167,Michael Obrien,Combshaven,2026-03-22
168,Charles Smith,Fullershire,2023-08-22
169,Ryan Hodges,Jeffreybury,2024-05-26
170,Jennifer Wilson,Wagnerhaven,2024-05-05
171,Mercedes Conrad,Campbellstad,2025-10-14
172,Joel Reyes,Pierceland,2025-09-09
173,Michele Estrada,East Julie,2023-09-14
174,Diana Davis,Lake Saraton,2022-09-10
175,Andrea Livingston,South Jenniferton,2026-02-13
176,Robert Davis,North Jamesborough,2023-11-28
177,Melissa Cruz,West Josephfurt,2024-03-13
178,Wesley Harris,Austinfurt,2023-06-17
179,Tiffany White,West Michelle,2023-01-15
180,William Adkins,Davisfort,2025-08-25
181,Aaron Williams,Rachelview,2025-08-23
182,Lori Shaw,East Ashley,2021-05-05
183,Cassie Hurley,East Jackson,2025-07-22
184,Lisa Robbins PhD,East Taraborough,2022-09-28
185,April Cooley,Waltermouth,2023-06-25
186,Michael Donovan,Richardsonchester,2026-02-13
187,Jennifer Mendez,New Kimberlyton,2024-03-09
188,Michael Edwards,Jacobtown,2023-02-01
189,Darlene Graham,Toddberg,2024-10-12
190,Ronnie Blevins,North Michaelafurt,2021-07-25
191,John Turner,Port Ruth,2026-01-18
192,Kari Webster DVM,East Steven,2024-11-16
193,Karen Stanley,New Shawn,2025-02-27
194,Eric Walsh,Benjaminland,2025-08-07
195,Edward Ward,Griffinton,2025-02-13
196,Chelsey Garcia,East Michaelview,2026-01-30
197,Christopher Gordon,Millermouth,2022-02-14
198,Crystal Davis,Luisborough,2021-10-03
199,Michele Harris,East Anthonyport,2021-12-20
200,Kyle Wood,Millerfurt,2024-01-27
201,Lisa Cunningham,Port Kimberlytown,2023-10-28
202,William Liu,Kimberlystad,2022-04-08
203,Joel Peters,North Thomasfort,2026-02-17
204,Anna Ramirez,South Crystal,2023-01-21
205,Samantha Martinez,East Johnside,2021-10-29
206,Lisa Barton,Thomasview,2021-10-13
207,Karl Alvarado,Smithmouth,2024-05-19
208,Jesse Ortiz,Hortonview,2023-08-09
209,Jennifer Boyle,North Annastad,2021-12-17
210,David Olson,South Karenland,2022-10-17
211,Eric Brown,Phillipsfort,2025-01-26
212,Richard King,Lake Christinaview,2023-08-16
213,Valerie Kramer,New Jillshire,2022-05-25
214,Anna Adams,Jacquelinemouth,2021-11-09
215,Anthony Thomas,West Kyleport,2022-09-20
216,Dylan Gonzales,Cheyenneside,2022-10-10
217,Daniel Bowers,West Donnaborough,2024-12-25
218,Jessica Barnes,Taylormouth,2022-03-23
219,Tammy Lee,North Matthew,2023-09-15
220,Cory Lee,South Karen,2024-09-25
221,Ana Mcgee,Port Logan,2023-04-25
222,Richard Tran,New Amanda,2024-01-12
223,Elizabeth Adams,Brittneyfurt,2023-03-13
224,Stephen Buchanan,East Jasonhaven,2024-12-03
225,Gregory Johnston,Spearsmouth,2026-04-03
226,Brandy Sanders,Petersmouth,2023-12-17
227,Tara Payne,Port Emilyshire,2024-10-06
228,Katherine Mooney,Walkerborough,2021-10-08
229,Jessica Ferrell,Williamsland,2024-12-07
230,Steven Bell,Sharonside,2021-04-30
231,Danielle Sawyer,Lake Jamesview,2025-01-21
232,Jessica Hernandez,Sanfordbury,2021-05-02
233,Katherine Craig,North Matthewland,2024-08-18
234,Michele Smith,Goodwinstad,2023-06-11
235,Rickey Watkins,East Daniel,2022-09-23
236,David Christian,South Benjaminmouth,2021-07-25
237,Hector Williams,East Raymond,2024-12-19
238,Erica Pratt,Samuelfort,2023-09-17
239,Jeffrey Osborne,South Michellebury,2024-09-15
240,Mr. Juan Black Jr.,Madisonberg,2024-04-27
241,Vicki Wyatt,East Amy,2025-09-08
242,Amanda Hart,West Jenniferchester,2022-09-10
243,Alejandro Brown,Port Anthony,2025-12-29
244,Jason Whitehead,Bellberg,2023-01-17
245,Valerie Becker,South Joseph,2022-12-18
246,John Flowers,Gonzaleshaven,2021-08-13
247,Lauren Collins,Michaelchester,2023-12-08
248,Andrew Smith,Goodmanmouth,2023-11-15
249,Steven Shaw,Simsstad,2021-11-09
250,Charles Hammond,New Gregory,2023-02-03
251,Lisa Roth,Port Susan,2025-04-17
252,Deborah Spears,West Donald,2025-01-01
253,Steven Harris,Robertmouth,2022-05-13
254,Richard Perkins,Hillbury,2024-11-13
255,Joy Torres,Port Rogerhaven,2023-11-15
256,Jennifer Fields,Keithfurt,2022-08-25
257,Jim Watson,West Brandonport,2023-05-02
258,Jordan Jones,Andrewview,2023-02-18
259,Eric Brock,South Rebecca,2023-08-30
260,Michelle Harrison,East Jennifertown,2025-10-31
261,Hannah Roberson,Clarkside,2024-04-07
262,Hannah Peters,Rodriguezview,2021-08-18
263,Travis Russell,Terrystad,2021-12-13
264,James Little,Longshire,2025-06-04
265,Ashley Fitzgerald,Port Steven,2023-04-19
266,Arthur Reid,Port Kyle,2025-12-16
267,Lauren Garcia,Robertview,2025-08-19
268,Denise Hawkins,West Troyside,2024-09-09
269,Casey Jennings,Port Nancyside,2025-11-30
270,Maria Knight,Port Kimberlyborough,2025-03-26
271,Dennis Parsons,Baxterfort,2022-08-08
272,Brittany Davis,North Jamesshire,2022-08-17
273,Ashley Liu,Andersonland,2025-11-26
274,Kevin Johnson,East Sandra,2025-03-26
275,Eric Lam,Colleenmouth,2024-08-27
276,Paul Owens,Laurenside,2025-01-22
277,Thomas Branch,Jonathanville,2025-08-23
278,Jacob Rios,Brittneyfurt,2022-11-10
279,Aaron Walker,Lisahaven,2026-04-03
280,Jonathan Dawson,New Elizabeth,2025-11-09
281,Joshua Burgess,Nicoleburgh,2022-10-17
282,Andrew Padilla,Ericfurt,2022-08-09
283,Thomas Howard,South Ryanville,2025-07-17
284,Brian Keller,Kristenmouth,2024-07-23
285,Cynthia Tapia,Williamsstad,2024-03-18
286,Anthony Matthews,Gonzalesmouth,2021-08-09
287,Kevin Carpenter,West Thomasland,2023-02-06
288,Dr. Kelly Simmons,New Melissa,2022-11-06
289,Rebecca Leonard,Port Stefanie,2025-06-03
290,Katherine Roberts DVM,North Deanna,2021-09-23
291,Chris Day,Georgeview,2025-07-01
292,Robert Johnson,Port Kim,2025-11-20
293,Steven Allen,Davidport,2023-09-26
294,Kathryn Mora,West Andrew,2025-10-30
295,Kelly Allen,South Tinaport,2024-11-20
296,Leah Thompson,North Kathryn,2022-01-18
297,Aaron Torres,Jacquelineport,2021-06-13
298,Juan Wall,Kaylashire,2023-07-23
299,Wendy York,Crystalberg,2022-01-06
300,Sean Adams,Georgetown,2025-07-31
301,Natalie Duran,Lake Bettyberg,2023-01-01
302,Donna Allen,New Jonathan,2026-03-26
303,Amy Smith,Timothyburgh,2022-09-15
304,Lynn Adams,North Michael,2022-06-20
305,Nicole Smith,Barberside,2024-07-11
306,Tricia Rodriguez,Guerreroview,2024-07-31
307,Brian Conley,Parkertown,2024-12-31
308,Philip Hayes,Port Andreastad,2025-11-09
309,Angela Peterson,Craigburgh,2022-03-24
310,Melissa Allen,Smithland,2022-05-25
311,Christian Hoffman,Potterton,2025-04-28
312,Jonathan Moran,East Carlberg,2021-09-12
313,Brian Johnson,North Jeffrey,2025-04-04
314,Kevin Jones,New Kimberly,2023-10-22
315,Richard Becker,Schmidtshire,2025-07-02
316,Aaron Brown,Castilloview,2021-05-29
317,Brian Richard,Luismouth,2021-07-31
318,Matthew Martinez,Gonzalezstad,2023-07-17
319,Aaron Lewis,South Jennifer,2023-11-25
320,Joan Porter,North Cynthia,2022-03-14
321,Timothy Torres,East Sarah,2023-04-15
322,Denise Durham,North Patriciaville,2022-07-03
323,Mark Simmons,Derekchester,2022-04-24
324,Jennifer Smith,Carpenterfurt,2025-08-02
325,John Lee,Amandaland,2024-09-26
326,Luis Wilson,Petersonview,2025-01-10
327,Joseph Mack,South Jamesville,2024-10-11
328,Jasmine Chavez,Maldonadoberg,2023-10-09
329,Martha Coffey,East Heidihaven,2024-06-13
330,Connor Edwards,North Joseph,2023-01-03
331,David Simmons,Lake Jeremyville,2022-01-10
332,Renee Chavez,Lake Jamesland,2025-04-14
333,Jaime Buckley,West Danahaven,2024-06-30
334,Tina Hernandez,Robinsonmouth,2026-01-31
335,Suzanne Montgomery,Lisaside,2024-09-14
336,Rhonda Dickerson,Lake Derekbury,2023-08-31
337,Jordan Pugh,South Chelseaport,2022-09-07
338,John Wood,East Stevenshire,2024-02-09
339,Kimberly Lynch,Sethhaven,2021-10-11
340,Sarah Franklin,West Leahfort,2022-11-08
341,David Macdonald,North Reginaborough,2024-10-22
342,Allen Watts,East William,2022-01-13
343,Dennis Smith,New Lisaview,2025-03-06
344,Jessica Torres,Matthewland,2025-04-13
345,Tracy Mathis,South James,2025-06-26
346,Danielle Nash,North Lindsay,2024-11-06
347,Jose Morris,Morganbury,2021-10-20
348,Kevin Smith,North Victoria,2026-03-25
349,Angela Walton,Port Heather,2021-07-19
350,Margaret Hill,Andrewfurt,2021-11-14
351,William Vincent,Lozanofort,2026-04-14
352,Elizabeth Wise,Johnsonburgh,2021-05-09
353,Matthew Weiss,South Davidfort,2025-08-31
354,Mary Harrell,Lesliehaven,2026-01-09
355,Jennifer Cherry,Parkshire,2021-09-05
356,Tyler Reyes,South Tina,2023-01-30
357,Cynthia Morales,Sandovalview,2024-10-19
358,Daniel Douglas,Duncanville,2022-01-08
359,Danielle Jordan,East Johnborough,2023-08-17
360,Megan Armstrong,West Corey,2023-10-20
361,Kathryn Mora,North Scottton,2023-01-10
362,John Scott,Ramirezmouth,2025-03-22
363,Aaron Randall,South Nicholas,2022-02-24
364,Todd Valdez,North Jenniferside,2022-10-13
365,Monica Butler,Bergerburgh,2024-08-02
366,Colleen Hall,Kellymouth,2025-08-12
367,John Bautista,North Morganmouth,2022-12-02
368,Courtney May,East Dannystad,2026-01-11
369,Michael Johnson,Burnsfurt,2025-04-26
370,Holly Perez,Port Kenneth,2023-10-21
371,Brett Davidson,Lake Bryan,2021-10-01
372,Tamara Mueller DVM,South Kelly,2026-03-12
373,James Nelson,Tonyfort,2022-02-09
374,Melissa Henderson,New Stevenport,2023-05-08
375,Amy Reid,Port Joshuaport,2024-04-16
376,Jerry Spencer,East Pennymouth,2025-02-24
377,Ricky Collins,Weaverland,2023-05-21
378,Timothy White,Gomezside,2023-11-30
379,Scott Jackson,Mcbridetown,2022-04-01
380,Cynthia Anderson,West Maureenborough,2023-08-28
381,Rachel Davis,Josephfurt,2021-10-04
382,Andrea Simpson,Port Christopher,2021-06-06
383,Shelby Levine,Jeffreyberg,2025-04-28
384,Antonio Melton,Lake Thomasport,2022-02-22
385,Jodi Clark,South Savannahton,2022-09-20
386,Charles Johnston,Port Matthewstad,2025-07-04
387,Heather Harris,Christopherview,2021-10-09
388,Margaret Wilson,Priceside,2025-06-18
389,William Odonnell,Parkermouth,2025-01-14
390,Brittney Potts,Ralphmouth,2023-07-10
391,David Giles,East Jennifer,2021-08-02
392,Todd Ross,Derekmouth,2021-08-02
393,Alyssa Jackson,North Kelli,2024-03-04
394,Tricia Carroll,New Matthew,2024-07-06
395,Kenneth Scott,Kimview,2025-07-28
396,James Lloyd,Debraburgh,2022-09-16
397,Anthony Smith,Jacksontown,2022-06-06
398,Katherine Reynolds,South Aaron,2023-07-22
399,James Foster,Pruittstad,2021-06-16
400,Jenny Lowe,East Jessica,2023-01-17
401,Holly Arroyo,Fryville,2024-08-28
402,Mike Calhoun,Henryfort,2025-05-23
403,Alyssa Thompson,West Lisa,2024-08-15
404,Jill Weber,Lake Isaiah,2024-10-17
405,Shirley Spencer,East Ryan,2022-06-07
406,Anthony Jensen,Nelsonbury,2021-05-06
407,Richard Trevino,East Jacquelineshire,2025-02-10
408,Nicole Fitzpatrick,South Connie,2025-12-26
409,Hector Price,West Tracy,2021-06-29
410,Bradley Short,Lake Brett,2023-11-06
411,Monica Carroll,North Andreaview,2022-04-28
412,Ryan Baldwin,Maryview,2021-08-11
413,Amber White,Port Alison,2022-03-01
414,Lydia Jones,Josephfurt,2021-07-03
415,Ricky Rodriguez,New Suzanne,2025-01-21
416,Maurice Delgado,Mcbrideland,2025-07-29
417,Sandra Richardson,Hornestad,2025-04-03
418,Jorge Rowland,South Chadfurt,2025-02-27
419,Kayla Avery,Harristown,2023-12-24
420,Amy Smith,East Rebekah,2023-02-01
421,Danielle Harris,East Kayla,2024-06-09
422,Brittany Adams,Mccoybury,2024-10-26
423,Douglas Durham,Brendaburgh,2024-07-16
424,Alexander Esparza,Conniemouth,2023-04-02
425,Amy Hall,East Christopherland,2023-11-20
426,Christopher Hurley,Ronaldmouth,2025-02-15
427,Lisa Atkinson,Ericmouth,2024-04-25
428,Heather Hernandez,North Margaretfurt,2023-07-24
429,Brenda Clements,Gouldtown,2022-05-21
430,Deanna Barrett,Leonchester,2025-09-07
431,Howard Ruiz,Davidhaven,2023-08-02
432,Caitlin Parker,Jonathanmouth,2021-08-21
433,Tyler Cook,Taylorburgh,2023-08-11
434,Susan Barnes,North Crystalshire,2024-08-26
435,Tracy Colon,Emilytown,2024-08-12
436,Amanda Larsen,Port Charles,2023-11-23
437,James David,East Toddville,2024-03-09
438,Alison Henry,Christinaberg,2022-01-28
439,Angela Perez,East Sean,2025-12-17
440,Andrea Johnson,East Mathew,2024-12-29
441,Brittany Ferguson,Ericfurt,2021-06-10
442,Eric Valdez,North Mariaside,2022-10-22
443,Robert Fields,South Brandonview,2025-11-10
444,Rodney Guzman,Medinaville,2023-07-30
445,Andrew Whitehead,Nathanstad,2025-08-24
446,Sandra Ford,Courtneyton,2021-10-19
447,Lisa Pierce,New Jonathanside,2022-06-20
448,Russell Campos,South Bryanberg,2021-05-04
449,Paul Barr,Alexanderview,2022-01-21
450,Whitney Barnes,Lake Rogerton,2025-09-10
451,Sean Howell,West Stevenfort,2025-12-30
452,Brian Davis,Gibsonland,2024-08-28
453,Sean Sherman,Jamesside,2023-07-23
454,Gwendolyn Johnson,New Michaelton,2024-12-20
455,Joshua Hernandez,Fullershire,2025-12-20
456,Angela Hall,New Craig,2021-12-05
457,Kayla Wolfe,Kristinburgh,2025-10-04
458,Charles Barnes Jr.,East Wendy,2022-03-26
459,Mary Anderson,North Matthew,2022-04-15
460,Thomas Lyons,South Heather,2023-09-25
461,Monica Black,Moodymouth,2025-06-05
462,Abigail Ware,Daltonport,2023-04-25
463,Dr. Rita Scott,North Jonathan,2025-11-17
464,Alexandra Taylor,Gutierrezshire,2022-03-15
465,Michael King,Bellmouth,2022-12-08
466,Sierra Palmer,East Charleschester,2024-12-04
467,Mrs. Tonya Graham,Luisborough,2025-03-29
468,Mr. Anthony Reyes,Colinfurt,2025-08-31
469,Ariana Burch,Lake Megan,2021-05-29
470,Jeffrey Hanson,Andrewston,2025-01-11
471,James Mason,Schmittbury,2021-10-14
472,Julia Bailey,Gomezview,2024-11-05
473,Andrea Griffin,West Mariah,2026-02-27
474,Brandon Harris,East Larry,2024-05-28
475,Bobby Johnson,Barnesfurt,2024-01-07
476,David Martinez,Barnesport,2022-12-03
477,Matthew Jenkins,Shannonmouth,2025-03-11
478,John Long,Kyleland,2024-11-03
479,Rebecca Russell,Susanborough,2021-12-07
480,Alyssa Snow,West Adam,2022-02-14
481,Andre Rios,Joneston,2026-03-11
482,Joseph Barker,Goodwinside,2023-01-27
483,Dr. Christopher Rodriguez,Port Jamie,2024-04-21
484,Stephanie Taylor,Angelastad,2021-06-23
485,Jacob Simmons,South Kyletown,2023-05-27
486,Jacqueline James,Gomezfort,2023-09-30
487,John Scott,Collinsberg,2025-01-22
488,Lisa Stevens,Sullivanfort,2025-02-09
489,Richard Grant,Port Keith,2024-04-30
490,Trevor Waller,North Jessica,2022-11-15
491,Jeff Livingston,Lake Alicialand,2024-10-18
492,Kevin Smith,Alexanderberg,2021-06-14
493,Jerry Myers,Port Anthonymouth,2023-08-06
494,Monica Smith,Shawnstad,2021-07-12
495,Raymond Henderson,Longfort,2025-07-04
496,Erika Mason,North Stephen,2022-10-05
497,Anthony Perry,Casehaven,2022-09-09
498,Vanessa Roberson,Garciahaven,2023-09-14
499,Brett Garcia,Thomasbury,2024-09-13
500,Daniel Mathis,Lukeshire,2022-06-19
